consump_id,device_id,current_a,tension_v,power_w,energy_wh,created_at
1,2001,0.712,240.2,158.8,1534.0,2025-12-30 10:16:34
2,2002,0.0,239.3,0.0,0.0,2025-12-30 10:16:34
3,2003,0.0,240.1,0.0,0.0,2025-12-30 10:16:35
4,2004,0.396,239.6,87.2,1341.8,2025-12-30 10:16:36
5,2005,0.051,239.3,11.4,124.5,2025-12-30 10:16:37
6,2006,0.039,239.4,4.5,1.7,2025-12-30 10:16:38
7,2007,0.037,239.1,5.2,0.4,2025-12-30 10:16:38
8,2008,0.0,240.3,0.0,3.0,2025-12-30 10:16:39
9,2001,0.746,232.6,161.8,1694.5,2025-12-30 11:16:39
10,2002,0.0,231.8,0.0,0.0,2025-12-30 11:16:39
11,2003,0.0,232.5,0.0,0.0,2025-12-30 11:16:39
12,2004,0.0,232.2,0.0,1374.4,2025-12-30 11:16:39
13,2005,0.0,231.7,0.0,126.7,2025-12-30 11:16:39
14,2006,0.047,231.8,4.5,6.1,2025-12-30 11:16:39
15,2007,0.0,231.7,0.0,1.5,2025-12-30 11:16:39
16,2008,0.0,232.9,0.0,3.0,2025-12-30 11:16:40
17,2001,0.728,232.8,157.8,1854.3,2025-12-30 12:16:41
18,2002,0.0,231.9,0.0,0.0,2025-12-30 12:16:41
19,2003,0.0,232.6,0.0,0.0,2025-12-30 12:16:41
20,2004,0.0,232.4,0.0,1400.2,2025-12-30 12:16:41
21,2005,0.0,231.8,0.0,126.7,2025-12-30 12:16:41
22,2006,0.047,232.0,4.4,10.6,2025-12-30 12:16:41
23,2007,0.0,231.9,0.0,1.5,2025-12-30 12:16:41
24,2008,0.0,233.1,0.0,3.0,2025-12-30 12:16:41
25,2001,0.744,232.7,161.4,2014.5,2025-12-30 13:16:41
26,2002,0.0,231.9,0.0,0.0,2025-12-30 13:16:42
27,2003,0.0,232.6,0.0,0.0,2025-12-30 13:16:42
28,2004,0.379,232.0,82.9,1471.2,2025-12-30 13:16:42
29,2005,0.0,231.7,0.0,126.7,2025-12-30 13:16:42
30,2006,0.0,231.9,0.0,12.5,2025-12-30 13:16:42
31,2007,0.0,231.7,0.0,1.5,2025-12-30 13:16:42
32,2008,0.0,232.8,0.0,3.0,2025-12-30 13:16:42
33,2001,0.741,232.7,160.9,2155.3,2025-12-30 14:16:42
34,2004,0.382,232.0,83.5,1518.6,2025-12-30 14:16:48
35,2005,0.0,231.7,0.0,126.0,2025-12-30 14:16:48
36,2006,0.0,231.9,0.0,12.0,2025-12-30 14:16:48
37,2007,0.0,231.6,0.0,1.5,2025-12-30 14:16:48
38,2008,0.0,232.8,0.0,3.0,2025-12-30 14:16:48
39,2001,0.735,232.8,159.4,2315.3,2025-12-30 15:16:48
40,2004,0.0,232.3,0.0,1561.1,2025-12-30 15:16:54
41,2005,0.0,231.8,0.0,126.0,2025-12-30 15:16:54
42,2006,0.0,232.0,0.0,12.0,2025-12-30 15:16:54
43,2007,0.0,231.9,0.0,1.5,2025-12-30 15:16:54
44,2008,0.0,233.0,0.0,3.0,2025-12-30 15:16:55
45,2001,0.026,232.9,0.0,2333.2,2025-12-30 16:16:55
46,2004,0.0,232.4,0.0,1607.8,2025-12-30 16:17:01
47,2005,0.0,231.9,0.0,126.0,2025-12-30 16:17:01
48,2006,0.0,232.1,0.0,12.0,2025-12-30 16:17:01
49,2007,0.0,231.9,0.0,1.5,2025-12-30 16:17:02
50,2008,0.0,233.1,0.0,3.0,2025-12-30 16:17:02
51,2001,0.0,232.9,0.0,2333.2,2025-12-30 17:17:02
52,2004,0.384,232.1,84.0,1642.7,2025-12-30 17:17:08
53,2005,0.0,231.8,0.0,126.0,2025-12-30 17:17:08
54,2006,0.0,232.1,0.0,12.0,2025-12-30 17:17:08
55,2007,0.0,231.7,0.0,1.5,2025-12-30 17:17:08
56,2008,0.0,232.8,0.0,3.0,2025-12-30 17:17:08
57,2001,0.725,232.8,157.1,2483.3,2025-12-30 18:17:09
58,2004,0.0,232.3,0.0,1685.0,2025-12-30 18:17:15
59,2005,0.051,231.8,11.1,136.8,2025-12-30 18:17:15
60,2006,0.0,232.0,0.0,12.0,2025-12-30 18:17:15
61,2007,0.0,231.9,0.0,1.5,2025-12-30 18:17:15
62,2008,0.0,233.0,0.0,3.0,2025-12-30 18:17:15
63,2001,0.727,232.8,157.6,2641.1,2025-12-30 19:17:15
64,2004,0.0,232.4,0.0,1708.7,2025-12-30 19:17:21
65,2005,0.052,231.8,11.3,148.1,2025-12-30 19:17:21
66,2006,0.0,232.0,0.0,12.0,2025-12-30 19:17:21
67,2007,0.0,231.9,0.0,1.5,2025-12-30 19:17:21
68,2008,0.0,233.1,0.0,3.0,2025-12-30 19:17:21
69,2001,0.727,232.9,157.5,2799.0,2025-12-30 20:17:21
70,2004,0.0,232.4,0.0,1753.9,2025-12-30 20:17:27
71,2005,0.051,231.9,11.2,159.3,2025-12-30 20:17:27
72,2006,0.0,232.1,0.0,12.0,2025-12-30 20:17:28
73,2007,0.0,231.9,0.0,1.5,2025-12-30 20:17:28
74,2008,0.0,233.1,0.0,3.0,2025-12-30 20:17:28
75,2001,0.732,238.8,162.7,2939.0,2025-12-30 21:17:28
76,2004,0.381,238.5,83.5,1781.2,2025-12-30 21:17:34
77,2005,0.051,238.2,11.4,169.1,2025-12-30 21:17:34
78,2006,0.0,238.5,0.0,12.0,2025-12-30 21:17:34
79,2007,0.0,238.1,0.0,1.0,2025-12-30 21:17:34
80,2008,0.0,239.3,0.0,3.0,2025-12-30 21:17:34
81,2001,0.707,242.2,159.0,3099.7,2025-12-30 22:17:34
82,2004,0.391,241.4,86.1,1825.8,2025-12-30 22:17:41
83,2005,0.05,241.1,11.3,180.4,2025-12-30 22:17:41
84,2006,0.0,241.3,0.0,12.0,2025-12-30 22:17:41
85,2007,0.0,241.0,0.0,1.0,2025-12-30 22:17:41
86,2008,0.0,242.1,0.0,3.0,2025-12-30 22:17:41
87,2001,0.724,241.4,162.5,3249.0,2025-12-30 23:17:41
88,2004,0.426,240.6,95.7,1887.8,2025-12-30 23:17:48
89,2005,0.05,240.3,11.3,190.7,2025-12-30 23:17:48
90,2006,0.0,240.5,0.0,12.0,2025-12-30 23:17:48
91,2007,0.0,240.1,0.0,1.0,2025-12-30 23:17:48
92,2008,0.0,241.4,0.0,3.0,2025-12-30 23:17:48
93,2001,0.0,232.9,0.0,3372.1,2025-12-31 00:17:48
94,2004,0.0,232.4,0.0,1961.3,2025-12-31 00:17:54
95,2005,0.0,231.8,0.0,199.4,2025-12-31 00:17:54
96,2006,0.0,232.0,0.0,12.0,2025-12-31 00:17:54
97,2001,0.0,232.9,0.0,3372.4,2025-12-31 01:18:05
98,2004,0.0,232.4,0.0,1985.2,2025-12-31 01:18:11
99,2005,0.0,231.8,0.0,199.4,2025-12-31 01:18:11
100,2006,0.0,232.0,0.0,12.0,2025-12-31 01:18:11
101,2001,0.0,232.9,0.0,3372.6,2025-12-31 02:18:17
102,2004,0.0,232.4,0.0,2015.1,2025-12-31 02:18:23
103,2005,0.0,231.8,0.0,199.4,2025-12-31 02:18:24
104,2006,0.0,232.0,0.0,12.0,2025-12-31 02:18:24
105,2001,0.0,232.9,0.0,3372.8,2025-12-31 03:18:30
106,2004,0.0,232.4,0.0,2044.2,2025-12-31 03:18:36
107,2005,0.0,231.8,0.0,199.4,2025-12-31 03:18:36
108,2006,0.0,232.0,0.0,12.0,2025-12-31 03:18:36
109,2001,0.022,232.9,0.0,3373.0,2025-12-31 04:18:43
110,2004,0.0,232.4,0.0,2075.1,2025-12-31 04:18:49
111,2005,0.0,231.8,0.0,199.4,2025-12-31 04:18:49
112,2006,0.0,232.0,0.0,12.0,2025-12-31 04:18:49
113,2001,0.0,232.8,0.0,3373.0,2025-12-31 05:18:55
114,2004,0.0,232.4,0.0,2106.4,2025-12-31 05:19:02
115,2005,0.0,231.8,0.0,199.4,2025-12-31 05:19:02
116,2006,0.0,232.0,0.0,12.0,2025-12-31 05:19:02
117,2001,0.0,232.8,0.0,3373.2,2025-12-31 06:19:08
118,2004,0.0,232.4,0.0,2139.2,2025-12-31 06:19:14
119,2005,0.0,231.7,0.0,199.4,2025-12-31 06:19:14
120,2006,0.0,232.0,0.0,12.0,2025-12-31 06:19:14
121,2001,0.0,232.8,0.0,3373.4,2025-12-31 07:19:21
122,2004,0.0,232.4,0.0,2173.4,2025-12-31 07:19:27
123,2005,0.0,231.7,0.0,199.4,2025-12-31 07:19:27
124,2006,0.0,232.0,0.0,12.0,2025-12-31 07:19:27
125,2001,0.03,232.8,0.0,3373.6,2025-12-31 08:19:33
126,2004,0.018,232.4,1.5,2207.7,2025-12-31 08:19:40
127,2005,0.0,231.8,0.0,199.4,2025-12-31 08:19:40
128,2006,0.0,232.0,0.0,12.0,2025-12-31 08:19:40
129,2001,0.018,241.5,0.0,3373.8,2025-12-31 09:19:46
130,2002,0.0,241.3,0.0,0.0,2025-12-31 09:19:46
131,2003,0.0,240.6,0.0,0.0,2025-12-31 09:19:46
132,2004,0.391,240.7,86.1,2221.0,2025-12-31 09:19:46
133,2005,0.0,240.4,0.0,199.4,2025-12-31 09:19:47
134,2006,0.0,240.5,0.0,12.0,2025-12-31 09:19:47
135,2001,0.0,243.5,0.0,3374.0,2025-12-31 10:19:53
136,2002,0.0,243.3,0.0,0.0,2025-12-31 10:19:53
137,2003,0.0,242.4,0.0,114.5,2025-12-31 10:19:53
138,2004,0.387,242.7,85.2,2277.5,2025-12-31 10:19:53
139,2005,0.0,242.4,0.0,199.4,2025-12-31 10:19:53
140,2006,0.011,242.6,1.1,13.1,2025-12-31 10:19:53
141,2007,0.0,242.2,0.0,1.0,2025-12-31 10:19:54
142,2008,0.0,243.4,0.0,3.0,2025-12-31 10:19:54
143,2001,0.0,244.5,0.0,3374.0,2025-12-31 11:19:54
144,2002,0.0,244.3,0.0,0.0,2025-12-31 11:19:54
145,2003,0.0,243.5,0.0,114.5,2025-12-31 11:19:54
146,2004,0.0,243.9,0.0,2295.9,2025-12-31 11:19:54
147,2005,0.0,243.4,0.0,199.4,2025-12-31 11:19:54
148,2006,0.0,243.7,0.0,14.3,2025-12-31 11:19:54
149,2007,0.0,243.4,0.0,1.0,2025-12-31 11:19:54
150,2008,0.0,244.4,0.0,3.0,2025-12-31 11:19:54
151,2001,0.0,244.2,0.0,3374.3,2025-12-31 12:19:55
152,2002,0.0,243.9,0.0,0.0,2025-12-31 12:19:55
153,2003,0.0,243.3,0.0,114.5,2025-12-31 12:19:55
154,2004,0.017,243.7,1.6,2348.7,2025-12-31 12:19:55
155,2005,0.0,243.2,0.0,199.4,2025-12-31 12:19:55
156,2006,0.012,243.5,1.2,16.0,2025-12-31 12:19:55
157,2007,0.0,243.2,0.0,1.0,2025-12-31 12:19:55
158,2008,0.0,244.3,0.0,3.0,2025-12-31 12:19:55
159,2001,0.0,243.8,0.0,3374.5,2025-12-31 13:19:55
160,2002,0.0,243.6,0.0,0.0,2025-12-31 13:19:55
161,2003,0.0,242.8,0.0,114.5,2025-12-31 13:19:56
162,2004,0.0,243.3,0.0,2348.7,2025-12-31 13:19:56
163,2005,0.0,242.8,0.0,199.4,2025-12-31 13:19:56
164,2006,0.016,243.1,1.7,17.5,2025-12-31 13:19:56
165,2007,0.0,242.8,0.0,1.0,2025-12-31 13:19:56
166,2008,0.0,243.9,0.0,3.0,2025-12-31 13:19:56
167,2001,0.0,244.3,0.0,3374.7,2025-12-31 14:19:57
168,2002,0.0,244.1,0.0,0.0,2025-12-31 14:19:57
169,2003,0.0,243.3,0.0,114.5,2025-12-31 14:19:57
170,2004,0.0,243.7,0.0,2407.5,2025-12-31 14:19:57
171,2005,0.0,243.2,0.0,199.4,2025-12-31 14:19:57
172,2006,0.02,243.5,2.4,19.2,2025-12-31 14:19:57
173,2007,0.0,243.2,0.0,1.0,2025-12-31 14:19:57
174,2008,0.0,244.3,0.0,3.0,2025-12-31 14:19:57
