device_id,device_name,avg_current_a,avg_voltage_v,avg_power_w,energy_wh,start_time,end_time
2001,TV Salle à manger,0.703,245.8,160.2,160.18,2026-01-01 19:06:57,2026-01-01 20:07:17
2002,Four Cuisine,0.0,244.8,0.0,0.0,2026-01-01 19:06:57,2026-01-01 20:07:17
2003,Machine à Laver Cuisine,0.0,245.7,0.0,0.0,2026-01-01 19:06:57,2026-01-01 20:07:17
2004,Frigo Cuisine,0.195,245.2,43.0,42.97,2026-01-01 19:06:57,2026-01-01 20:07:17
2005,Lampe Salle à manger,0.05,244.8,11.4,11.36,2026-01-01 19:06:57,2026-01-01 20:07:17
2006,Chargeurs Salle à manger,0.02,245.0,2.4,2.41,2026-01-01 19:06:57,2026-01-01 20:07:17
2007,Lampe Cuisine,0.023,244.7,3.3,3.32,2026-01-01 19:06:57,2026-01-01 20:07:17
2008,Lampe Chambre,0.0,246.0,0.0,0.0,2026-01-01 19:06:57,2026-01-01 20:07:17
2001,TV Salle à manger,0.135,243.1,29.6,29.62,2026-01-01 20:07:17,2026-01-01 21:07:37
2002,Four Cuisine,0.0,242.1,0.0,0.0,2026-01-01 20:07:17,2026-01-01 21:07:37
2003,Machine à Laver Cuisine,0.0,242.9,0.0,0.0,2026-01-01 20:07:17,2026-01-01 21:07:37
2004,Frigo Cuisine,0.203,242.4,43.5,43.53,2026-01-01 20:07:17,2026-01-01 21:07:37
2005,Lampe Salle à manger,0.051,242.1,11.3,11.34,2026-01-01 20:07:17,2026-01-01 21:07:37
2006,Chargeurs Salle à manger,0.017,242.3,1.8,1.85,2026-01-01 20:07:17,2026-01-01 21:07:37
2007,Lampe Cuisine,0.0,241.9,0.0,0.0,2026-01-01 20:07:17,2026-01-01 21:07:37
2008,Lampe Chambre,0.0,243.2,0.0,0.0,2026-01-01 20:07:17,2026-01-01 21:07:37
2001,TV Salle à manger,0.006,232.7,0.0,0.0,2026-01-01 21:07:37,2026-01-01 22:07:57
2002,Four Cuisine,0.0,231.8,0.0,0.0,2026-01-01 21:07:37,2026-01-01 22:07:57
2003,Machine à Laver Cuisine,0.0,232.6,0.0,0.0,2026-01-01 21:07:37,2026-01-01 22:07:57
2004,Frigo Cuisine,0.251,232.1,54.6,54.63,2026-01-01 21:07:37,2026-01-01 22:07:57
2005,Lampe Salle à manger,0.052,231.8,11.3,11.28,2026-01-01 21:07:37,2026-01-01 22:07:57
2006,Chargeurs Salle à manger,0.01,232.0,0.9,0.88,2026-01-01 21:07:37,2026-01-01 22:07:57
2007,Lampe Cuisine,0.033,231.6,4.4,4.41,2026-01-01 21:07:37,2026-01-01 22:07:57
2008,Lampe Chambre,0.0,232.9,0.0,0.0,2026-01-01 21:07:37,2026-01-01 22:07:57
2001,TV Salle à manger,0.005,232.8,0.0,0.0,2026-01-01 22:07:57,2026-01-01 23:08:16
2002,Four Cuisine,0.0,231.9,0.0,0.0,2026-01-01 22:07:57,2026-01-01 23:08:16
2003,Machine à Laver Cuisine,0.0,232.7,0.0,0.0,2026-01-01 22:07:57,2026-01-01 23:08:16
2004,Frigo Cuisine,0.163,232.2,35.5,35.49,2026-01-01 22:07:57,2026-01-01 23:08:16
2005,Lampe Salle à manger,0.015,231.9,3.2,3.19,2026-01-01 22:07:57,2026-01-01 23:08:16
2006,Chargeurs Salle à manger,0.015,232.1,1.3,1.27,2026-01-01 22:07:57,2026-01-01 23:08:16
2007,Lampe Cuisine,0.0,231.7,0.0,0.0,2026-01-01 22:07:57,2026-01-01 23:08:16
2008,Lampe Chambre,0.0,233.0,0.0,0.0,2026-01-01 22:07:57,2026-01-01 23:08:16
2001,TV Salle à manger,0.006,232.8,0.0,0.0,2026-01-01 23:08:16,2026-01-02 00:08:36
2002,Four Cuisine,0.0,231.9,0.0,0.0,2026-01-01 23:08:16,2026-01-02 00:08:36
2003,Machine à Laver Cuisine,0.0,232.7,0.0,0.0,2026-01-01 23:08:16,2026-01-02 00:08:36
2004,Frigo Cuisine,0.095,232.2,20.7,20.67,2026-01-01 23:08:16,2026-01-02 00:08:36
2005,Lampe Salle à manger,0.0,231.9,0.0,0.0,2026-01-01 23:08:16,2026-01-02 00:08:36
2006,Chargeurs Salle à manger,0.013,232.1,1.2,1.19,2026-01-01 23:08:16,2026-01-02 00:08:36
2007,Lampe Cuisine,0.0,231.8,0.0,0.0,2026-01-01 23:08:16,2026-01-02 00:08:36
2008,Lampe Chambre,0.0,233.0,0.0,0.0,2026-01-01 23:08:16,2026-01-02 00:08:36
2001,TV Salle à manger,0.004,232.8,0.0,0.0,2026-01-02 00:08:36,2026-01-02 01:08:55
2002,Four Cuisine,0.0,231.8,0.0,0.0,2026-01-02 00:08:36,2026-01-02 01:08:55
2003,Machine à Laver Cuisine,0.0,232.7,0.0,0.0,2026-01-02 00:08:36,2026-01-02 01:08:55
2004,Frigo Cuisine,0.204,232.2,44.4,44.36,2026-01-02 00:08:36,2026-01-02 01:08:55
2005,Lampe Salle à manger,0.0,231.8,0.0,0.0,2026-01-02 00:08:36,2026-01-02 01:08:55
2006,Chargeurs Salle à manger,0.009,232.0,0.7,0.67,2026-01-02 00:08:36,2026-01-02 01:08:55
2007,Lampe Cuisine,0.0,231.7,0.0,0.0,2026-01-02 00:08:36,2026-01-02 01:08:55
2008,Lampe Chambre,0.0,232.9,0.0,0.0,2026-01-02 00:08:36,2026-01-02 01:08:55
2001,TV Salle à manger,0.006,232.8,0.0,0.0,2026-01-02 01:08:55,2026-01-02 02:09:13
2002,Four Cuisine,0.0,232.0,0.0,0.0,2026-01-02 01:08:55,2026-01-02 02:09:13
2003,Machine à Laver Cuisine,0.0,232.7,0.0,0.0,2026-01-02 01:08:55,2026-01-02 02:09:13
2004,Frigo Cuisine,0.045,232.3,9.9,9.88,2026-01-02 01:08:55,2026-01-02 02:09:13
2005,Lampe Salle à manger,0.0,231.9,0.0,0.0,2026-01-02 01:08:55,2026-01-02 02:09:13
2006,Chargeurs Salle à manger,0.01,232.1,0.8,0.79,2026-01-02 01:08:55,2026-01-02 02:09:13
2007,Lampe Cuisine,0.0,231.8,0.0,0.0,2026-01-02 01:08:55,2026-01-02 02:09:13
2008,Lampe Chambre,0.0,233.0,0.0,0.0,2026-01-02 01:08:55,2026-01-02 02:09:13
2001,TV Salle à manger,0.006,232.8,0.0,0.02,2026-01-02 02:09:13,2026-01-02 03:09:39
2002,Four Cuisine,0.0,231.8,0.0,0.0,2026-01-02 02:09:13,2026-01-02 03:09:39
2003,Machine à Laver Cuisine,0.0,232.7,0.0,0.0,2026-01-02 02:09:13,2026-01-02 03:09:39
2004,Frigo Cuisine,0.17,232.2,36.9,36.93,2026-01-02 02:09:13,2026-01-02 03:09:39
2005,Lampe Salle à manger,0.0,231.9,0.0,0.0,2026-01-02 02:09:13,2026-01-02 03:09:39
2006,Chargeurs Salle à manger,0.01,232.1,0.8,0.8,2026-01-02 02:09:13,2026-01-02 03:09:39
2007,Lampe Cuisine,0.0,231.7,0.0,0.0,2026-01-02 02:09:13,2026-01-02 03:09:39
2008,Lampe Chambre,0.0,233.0,0.0,0.0,2026-01-02 02:09:13,2026-01-02 03:09:39
2001,TV Salle à manger,0.004,232.8,0.0,0.0,2026-01-02 03:09:39,2026-01-02 04:10:17
2002,Four Cuisine,0.0,231.9,0.0,0.0,2026-01-02 03:09:39,2026-01-02 04:10:17
2003,Machine à Laver Cuisine,0.0,232.7,0.0,0.0,2026-01-02 03:09:39,2026-01-02 04:10:17
2004,Frigo Cuisine,0.146,232.2,31.7,31.7,2026-01-02 03:09:39,2026-01-02 04:10:17
2005,Lampe Salle à manger,0.0,231.9,0.0,0.0,2026-01-02 03:09:39,2026-01-02 04:10:17
2006,Chargeurs Salle à manger,0.011,232.1,0.8,0.82,2026-01-02 03:09:39,2026-01-02 04:10:17
2007,Lampe Cuisine,0.0,231.7,0.0,0.0,2026-01-02 03:09:39,2026-01-02 04:10:17
2008,Lampe Chambre,0.0,233.0,0.0,0.0,2026-01-02 03:09:39,2026-01-02 04:10:17
2001,TV Salle à manger,0.007,232.8,0.0,0.0,2026-01-02 04:10:17,2026-01-02 05:11:07
2002,Four Cuisine,0.222,231.8,46.4,46.36,2026-01-02 04:10:17,2026-01-02 05:11:07
2003,Machine à Laver Cuisine,0.0,232.7,0.0,0.0,2026-01-02 04:10:17,2026-01-02 05:11:07
2004,Frigo Cuisine,0.039,232.1,8.2,8.21,2026-01-02 04:10:17,2026-01-02 05:11:07
2005,Lampe Salle à manger,0.034,231.8,7.4,7.4,2026-01-02 04:10:17,2026-01-02 05:11:07
2006,Chargeurs Salle à manger,0.009,232.1,0.7,0.71,2026-01-02 04:10:17,2026-01-02 05:11:07
2007,Lampe Cuisine,0.025,231.7,3.3,3.3,2026-01-02 04:10:17,2026-01-02 05:11:07
2008,Lampe Chambre,0.0,233.0,0.0,0.0,2026-01-02 04:10:17,2026-01-02 05:11:07
2001,TV Salle à manger,0.004,241.1,0.0,0.0,2026-01-02 05:11:07,2026-01-02 06:12:05
2002,Four Cuisine,0.0,240.1,0.0,0.0,2026-01-02 05:11:07,2026-01-02 06:12:05
2003,Machine à Laver Cuisine,0.0,241.0,0.0,0.0,2026-01-02 05:11:07,2026-01-02 06:12:05
2004,Frigo Cuisine,0.244,240.4,53.2,53.19,2026-01-02 05:11:07,2026-01-02 06:12:05
2005,Lampe Salle à manger,0.003,240.1,0.8,0.75,2026-01-02 05:11:07,2026-01-02 06:12:05
2006,Chargeurs Salle à manger,0.007,240.4,0.8,0.77,2026-01-02 05:11:07,2026-01-02 06:12:05
2007,Lampe Cuisine,0.003,240.0,0.3,0.34,2026-01-02 05:11:07,2026-01-02 06:12:05
2008,Lampe Chambre,0.0,241.3,0.0,0.0,2026-01-02 05:11:07,2026-01-02 06:12:05
2001,TV Salle à manger,0.005,246.4,0.0,0.0,2026-01-02 06:12:05,2026-01-02 07:12:45
2002,Four Cuisine,0.0,245.5,0.0,0.0,2026-01-02 06:12:05,2026-01-02 07:12:45
2003,Machine à Laver Cuisine,0.0,246.3,0.0,0.0,2026-01-02 06:12:05,2026-01-02 07:12:45
2004,Frigo Cuisine,0.0,245.9,0.0,0.0,2026-01-02 06:12:05,2026-01-02 07:12:45
2005,Lampe Salle à manger,0.0,245.4,0.0,0.0,2026-01-02 06:12:05,2026-01-02 07:12:45
2006,Chargeurs Salle à manger,0.008,245.7,1.0,0.99,2026-01-02 06:12:05,2026-01-02 07:12:45
2007,Lampe Cuisine,0.0,245.4,0.0,0.0,2026-01-02 06:12:05,2026-01-02 07:12:45
2008,Lampe Chambre,0.0,246.6,0.0,0.0,2026-01-02 06:12:05,2026-01-02 07:12:45
2001,TV Salle à manger,0.005,245.1,0.0,0.0,2026-01-02 07:12:45,2026-01-02 08:13:14
2002,Four Cuisine,0.0,244.1,0.0,0.0,2026-01-02 07:12:45,2026-01-02 08:13:14
2003,Machine à Laver Cuisine,0.0,245.0,0.0,0.0,2026-01-02 07:12:45,2026-01-02 08:13:14
2004,Frigo Cuisine,0.098,244.5,21.1,21.14,2026-01-02 07:12:45,2026-01-02 08:13:14
2005,Lampe Salle à manger,0.0,244.1,0.0,0.0,2026-01-02 07:12:45,2026-01-02 08:13:14
2006,Chargeurs Salle à manger,0.007,244.4,0.8,0.8,2026-01-02 07:12:45,2026-01-02 08:13:14
2007,Lampe Cuisine,0.0,244.1,0.0,0.0,2026-01-02 07:12:45,2026-01-02 08:13:14
2008,Lampe Chambre,0.0,245.3,0.0,0.0,2026-01-02 07:12:45,2026-01-02 08:13:14
2001,TV Salle à manger,0.008,246.7,0.1,0.05,2026-01-02 08:13:14,2026-01-02 09:13:40
2002,Four Cuisine,0.0,245.7,0.0,0.0,2026-01-02 08:13:14,2026-01-02 09:13:40
2003,Machine à Laver Cuisine,0.0,246.6,0.0,0.0,2026-01-02 08:13:14,2026-01-02 09:13:40
2004,Frigo Cuisine,0.228,246.0,49.9,49.91,2026-01-02 08:13:14,2026-01-02 09:13:40
2005,Lampe Salle à manger,0.0,245.7,0.0,0.0,2026-01-02 08:13:14,2026-01-02 09:13:40
2006,Chargeurs Salle à manger,0.011,245.9,1.3,1.27,2026-01-02 08:13:14,2026-01-02 09:13:40
2007,Lampe Cuisine,0.0,245.6,0.0,0.0,2026-01-02 08:13:14,2026-01-02 09:13:40
2008,Lampe Chambre,0.0,246.9,0.0,0.0,2026-01-02 08:13:14,2026-01-02 09:13:40
2001,TV Salle à manger,0.008,246.4,0.0,0.0,2026-01-02 09:13:40,2026-01-02 10:14:05
2002,Four Cuisine,0.0,245.5,0.0,0.0,2026-01-02 09:13:40,2026-01-02 10:14:05
2003,Machine à Laver Cuisine,0.0,246.3,0.0,0.0,2026-01-02 09:13:40,2026-01-02 10:14:05
2004,Frigo Cuisine,0.0,245.9,0.0,0.0,2026-01-02 09:13:40,2026-01-02 10:14:05
2005,Lampe Salle à manger,0.0,245.4,0.0,0.0,2026-01-02 09:13:40,2026-01-02 10:14:05
2006,Chargeurs Salle à manger,0.014,245.6,1.7,1.68,2026-01-02 09:13:40,2026-01-02 10:14:05
2007,Lampe Cuisine,0.0,245.3,0.0,0.0,2026-01-02 09:13:40,2026-01-02 10:14:05
2008,Lampe Chambre,0.0,246.6,0.0,0.0,2026-01-02 09:13:40,2026-01-02 10:14:05
2001,TV Salle à manger,0.008,243.0,0.0,0.0,2026-01-02 10:14:05,2026-01-02 11:14:31
2002,Four Cuisine,0.0,242.0,0.0,0.0,2026-01-02 10:14:05,2026-01-02 11:14:31
2003,Machine à Laver Cuisine,0.0,242.8,0.0,0.0,2026-01-02 10:14:05,2026-01-02 11:14:31
2004,Frigo Cuisine,0.193,242.3,42.3,42.26,2026-01-02 10:14:05,2026-01-02 11:14:31
2005,Lampe Salle à manger,0.0,241.9,0.0,0.0,2026-01-02 10:14:05,2026-01-02 11:14:31
2006,Chargeurs Salle à manger,0.017,242.2,2.0,1.97,2026-01-02 10:14:05,2026-01-02 11:14:31
2007,Lampe Cuisine,0.0,241.8,0.0,0.0,2026-01-02 10:14:05,2026-01-02 11:14:31
2008,Lampe Chambre,0.0,243.1,0.0,0.0,2026-01-02 10:14:05,2026-01-02 11:14:31
2001,TV Salle à manger,0.007,242.4,0.0,0.04,2026-01-02 11:14:31,2026-01-02 12:14:50
2002,Four Cuisine,0.116,241.4,24.0,24.02,2026-01-02 11:14:31,2026-01-02 12:14:50
2003,Machine à Laver Cuisine,0.0,242.2,0.0,0.0,2026-01-02 11:14:31,2026-01-02 12:14:50
2004,Frigo Cuisine,0.084,241.7,18.4,18.38,2026-01-02 11:14:31,2026-01-02 12:14:50
2005,Lampe Salle à manger,0.0,241.3,0.0,0.0,2026-01-02 11:14:31,2026-01-02 12:14:50
2006,Chargeurs Salle à manger,0.019,241.6,2.2,2.15,2026-01-02 11:14:31,2026-01-02 12:14:50
2007,Lampe Cuisine,0.0,241.2,0.0,0.0,2026-01-02 11:14:31,2026-01-02 12:14:50
2008,Lampe Chambre,0.0,242.5,0.0,0.0,2026-01-02 11:14:31,2026-01-02 12:14:50
2001,TV Salle à manger,0.006,243.2,0.0,0.04,2026-01-02 12:14:50,2026-01-02 13:15:10
2002,Four Cuisine,0.0,242.2,0.0,0.0,2026-01-02 12:14:50,2026-01-02 13:15:10
2003,Machine à Laver Cuisine,0.0,243.0,0.0,0.0,2026-01-02 12:14:50,2026-01-02 13:15:10
2004,Frigo Cuisine,0.147,242.5,31.8,31.85,2026-01-02 12:14:50,2026-01-02 13:15:10
2005,Lampe Salle à manger,0.0,242.1,0.0,0.0,2026-01-02 12:14:50,2026-01-02 13:15:10
2006,Chargeurs Salle à manger,0.017,242.4,2.1,2.05,2026-01-02 12:14:50,2026-01-02 13:15:10
2007,Lampe Cuisine,0.0,242.1,0.0,0.0,2026-01-02 12:14:50,2026-01-02 13:15:10
2008,Lampe Chambre,0.0,243.3,0.0,0.0,2026-01-02 12:14:50,2026-01-02 13:15:10
2001,TV Salle à manger,0.009,244.3,0.0,0.0,2026-01-02 13:15:10,2026-01-02 14:15:29
2002,Four Cuisine,0.0,243.3,0.0,0.0,2026-01-02 13:15:10,2026-01-02 14:15:29
2003,Machine à Laver Cuisine,0.0,244.2,0.0,0.0,2026-01-02 13:15:10,2026-01-02 14:15:29
2004,Frigo Cuisine,0.136,243.7,29.8,29.77,2026-01-02 13:15:10,2026-01-02 14:15:29
2005,Lampe Salle à manger,0.0,243.3,0.0,0.0,2026-01-02 13:15:10,2026-01-02 14:15:29
2006,Chargeurs Salle à manger,0.019,243.5,2.3,2.28,2026-01-02 13:15:10,2026-01-02 14:15:29
2007,Lampe Cuisine,0.0,243.2,0.0,0.0,2026-01-02 13:15:10,2026-01-02 14:15:29
2008,Lampe Chambre,0.0,244.5,0.0,0.0,2026-01-02 13:15:10,2026-01-02 14:15:29
2001,TV Salle à manger,0.008,244.6,0.0,0.0,2026-01-02 14:15:29,2026-01-02 15:15:47
2002,Four Cuisine,0.0,243.7,0.0,0.0,2026-01-02 14:15:29,2026-01-02 15:15:47
2003,Machine à Laver Cuisine,0.0,244.5,0.0,0.0,2026-01-02 14:15:29,2026-01-02 15:15:47
2004,Frigo Cuisine,0.13,244.0,28.2,28.17,2026-01-02 14:15:29,2026-01-02 15:15:47
2005,Lampe Salle à manger,0.0,243.6,0.0,0.0,2026-01-02 14:15:29,2026-01-02 15:15:47
2006,Chargeurs Salle à manger,0.016,243.9,1.9,1.86,2026-01-02 14:15:29,2026-01-02 15:15:47
2007,Lampe Cuisine,0.013,243.5,1.9,1.88,2026-01-02 14:15:29,2026-01-02 15:15:47
2008,Lampe Chambre,0.0,244.8,0.0,0.0,2026-01-02 14:15:29,2026-01-02 15:15:47
2001,TV Salle à manger,0.005,245.2,0.0,0.0,2026-01-02 15:15:47,2026-01-02 16:16:07
2002,Four Cuisine,0.0,244.1,0.0,0.0,2026-01-02 15:15:47,2026-01-02 16:16:07
2003,Machine à Laver Cuisine,0.0,245.0,0.0,0.0,2026-01-02 15:15:47,2026-01-02 16:16:07
2004,Frigo Cuisine,0.156,244.5,34.3,34.33,2026-01-02 15:15:47,2026-01-02 16:16:07
2005,Lampe Salle à manger,0.0,244.1,0.0,0.0,2026-01-02 15:15:47,2026-01-02 16:16:07
2006,Chargeurs Salle à manger,0.023,244.4,2.8,2.79,2026-01-02 15:15:47,2026-01-02 16:16:07
2007,Lampe Cuisine,0.037,244.0,5.4,5.38,2026-01-02 15:15:47,2026-01-02 16:16:07
2008,Lampe Chambre,0.0,245.3,0.0,0.0,2026-01-02 15:15:47,2026-01-02 16:16:07
2001,TV Salle à manger,0.009,244.8,0.0,0.03,2026-01-02 16:16:07,2026-01-02 17:22:03
2002,Four Cuisine,0.0,243.8,0.0,0.0,2026-01-02 16:16:07,2026-01-02 17:22:03
2003,Machine à Laver Cuisine,0.0,244.7,0.0,0.0,2026-01-02 16:16:07,2026-01-02 17:22:03
2004,Frigo Cuisine,0.123,244.2,26.6,21.28,2026-01-02 16:16:07,2026-01-02 17:22:03
2005,Lampe Salle à manger,0.0,243.8,0.0,0.0,2026-01-02 16:16:07,2026-01-02 17:22:03
2006,Chargeurs Salle à manger,0.023,244.0,2.8,2.25,2026-01-02 16:16:07,2026-01-02 17:22:03
2007,Lampe Cuisine,0.037,243.7,5.4,4.3,2026-01-02 16:16:07,2026-01-02 17:22:03
2008,Lampe Chambre,0.0,245.0,0.0,0.0,2026-01-02 16:16:07,2026-01-02 17:22:03
2001,TV Salle à manger,0.744,232.6,161.7,21.55,2026-01-02 20:11:13,2026-01-02 21:30:33
2002,Four Cuisine,0.0,231.7,0.0,0.0,2026-01-02 20:11:13,2026-01-02 21:30:33
2003,Machine à Laver Cuisine,0.0,232.5,0.0,0.0,2026-01-02 20:11:13,2026-01-02 21:30:33
2004,Frigo Cuisine,0.196,231.9,43.0,5.73,2026-01-02 20:11:13,2026-01-02 21:30:33
2005,Lampe Salle à manger,0.052,231.6,11.3,1.51,2026-01-02 20:11:13,2026-01-02 21:30:33
2006,Chargeurs Salle à manger,0.0,231.9,0.0,0.0,2026-01-02 20:11:13,2026-01-02 21:30:33
2007,Lampe Cuisine,0.0,231.6,0.0,0.0,2026-01-02 20:11:13,2026-01-02 21:30:33
2008,Lampe Chambre,0.0,232.8,0.0,0.0,2026-01-02 20:11:13,2026-01-02 21:30:33
2001,TV Salle à manger,0.679,232.7,147.3,147.32,2026-01-02 21:30:33,2026-01-02 22:30:52
2002,Four Cuisine,0.0,231.8,0.0,0.0,2026-01-02 21:30:33,2026-01-02 22:30:52
2003,Machine à Laver Cuisine,0.0,232.5,0.0,0.0,2026-01-02 21:30:33,2026-01-02 22:30:52
2004,Frigo Cuisine,0.134,232.1,29.1,29.13,2026-01-02 21:30:33,2026-01-02 22:30:52
2005,Lampe Salle à manger,0.05,231.7,10.9,10.9,2026-01-02 21:30:33,2026-01-02 22:30:52
2006,Chargeurs Salle à manger,0.0,231.9,0.0,0.0,2026-01-02 21:30:33,2026-01-02 22:30:52
2007,Lampe Cuisine,0.002,231.6,0.3,0.25,2026-01-02 21:30:33,2026-01-02 22:30:52
2008,Lampe Chambre,0.0,232.9,0.0,0.0,2026-01-02 21:30:33,2026-01-02 22:30:52
2001,TV Salle à manger,0.007,232.8,0.0,0.0,2026-01-02 22:30:52,2026-01-02 23:31:12
2002,Four Cuisine,0.0,231.9,0.0,0.0,2026-01-02 22:30:52,2026-01-02 23:31:12
2003,Machine à Laver Cuisine,0.0,232.7,0.0,0.0,2026-01-02 22:30:52,2026-01-02 23:31:12
2004,Frigo Cuisine,0.203,232.2,44.2,44.2,2026-01-02 22:30:52,2026-01-02 23:31:12
2005,Lampe Salle à manger,0.0,231.8,0.0,0.0,2026-01-02 22:30:52,2026-01-02 23:31:12
2006,Chargeurs Salle à manger,0.0,232.1,0.0,0.0,2026-01-02 22:30:52,2026-01-02 23:31:12
2007,Lampe Cuisine,0.0,231.7,0.0,0.0,2026-01-02 22:30:52,2026-01-02 23:31:12
2008,Lampe Chambre,0.0,233.0,0.0,0.0,2026-01-02 22:30:52,2026-01-02 23:31:12
2001,TV Salle à manger,0.005,232.9,0.0,0.0,2026-01-02 23:31:12,2026-01-03 00:31:31
2002,Four Cuisine,0.0,232.0,0.0,0.0,2026-01-02 23:31:12,2026-01-03 00:31:31
2003,Machine à Laver Cuisine,0.0,232.7,0.0,0.0,2026-01-02 23:31:12,2026-01-03 00:31:31
2004,Frigo Cuisine,0.058,232.3,12.6,12.63,2026-01-02 23:31:12,2026-01-03 00:31:31
2005,Lampe Salle à manger,0.0,231.9,0.0,0.0,2026-01-02 23:31:12,2026-01-03 00:31:31
2006,Chargeurs Salle à manger,0.0,232.1,0.0,0.0,2026-01-02 23:31:12,2026-01-03 00:31:31
2007,Lampe Cuisine,0.0,231.9,0.0,0.0,2026-01-02 23:31:12,2026-01-03 00:31:31
2008,Lampe Chambre,0.0,233.0,0.0,0.0,2026-01-02 23:31:12,2026-01-03 00:31:31
2001,TV Salle à manger,0.005,232.9,0.0,0.02,2026-01-03 00:31:31,2026-01-03 01:31:50
2002,Four Cuisine,0.0,231.9,0.0,0.0,2026-01-03 00:31:31,2026-01-03 01:31:50
2003,Machine à Laver Cuisine,0.0,232.7,0.0,0.0,2026-01-03 00:31:31,2026-01-03 01:31:50
2004,Frigo Cuisine,0.12,232.3,26.0,26.02,2026-01-03 00:31:31,2026-01-03 01:31:50
2005,Lampe Salle à manger,0.0,231.9,0.0,0.0,2026-01-03 00:31:31,2026-01-03 01:31:50
2006,Chargeurs Salle à manger,0.0,232.1,0.0,0.0,2026-01-03 00:31:31,2026-01-03 01:31:50
2007,Lampe Cuisine,0.0,231.8,0.0,0.0,2026-01-03 00:31:31,2026-01-03 01:31:50
2008,Lampe Chambre,0.0,233.0,0.0,0.0,2026-01-03 00:31:31,2026-01-03 01:31:50
2001,TV Salle à manger,0.004,232.9,0.0,0.0,2026-01-03 01:31:50,2026-01-03 02:32:08
2002,Four Cuisine,0.0,231.9,0.0,0.0,2026-01-03 01:31:50,2026-01-03 02:32:08
2003,Machine à Laver Cuisine,0.0,232.7,0.0,0.0,2026-01-03 01:31:50,2026-01-03 02:32:08
2004,Frigo Cuisine,0.177,232.2,38.4,38.4,2026-01-03 01:31:50,2026-01-03 02:32:08
2005,Lampe Salle à manger,0.0,231.9,0.0,0.0,2026-01-03 01:31:50,2026-01-03 02:32:08
2006,Chargeurs Salle à manger,0.0,232.1,0.0,0.0,2026-01-03 01:31:50,2026-01-03 02:32:08
2007,Lampe Cuisine,0.0,231.8,0.0,0.0,2026-01-03 01:31:50,2026-01-03 02:32:08
2008,Lampe Chambre,0.0,233.0,0.0,0.0,2026-01-03 01:31:50,2026-01-03 02:32:08
2001,TV Salle à manger,0.007,232.9,0.0,0.02,2026-01-03 02:32:08,2026-01-03 03:32:26
2002,Four Cuisine,0.0,232.0,0.0,0.0,2026-01-03 02:32:08,2026-01-03 03:32:26
2003,Machine à Laver Cuisine,0.0,232.7,0.0,0.0,2026-01-03 02:32:08,2026-01-03 03:32:26
2004,Frigo Cuisine,0.013,232.4,2.9,2.87,2026-01-03 02:32:08,2026-01-03 03:32:26
2005,Lampe Salle à manger,0.0,231.9,0.0,0.0,2026-01-03 02:32:08,2026-01-03 03:32:26
2006,Chargeurs Salle à manger,0.0,232.1,0.0,0.0,2026-01-03 02:32:08,2026-01-03 03:32:26
2007,Lampe Cuisine,0.0,231.9,0.0,0.0,2026-01-03 02:32:08,2026-01-03 03:32:26
2008,Lampe Chambre,0.0,233.0,0.0,0.0,2026-01-03 02:32:08,2026-01-03 03:32:26
2001,TV Salle à manger,0.005,232.9,0.0,0.03,2026-01-03 03:32:26,2026-01-03 04:32:46
2002,Four Cuisine,0.0,231.9,0.0,0.0,2026-01-03 03:32:26,2026-01-03 04:32:46
2003,Machine à Laver Cuisine,0.0,232.7,0.0,0.0,2026-01-03 03:32:26,2026-01-03 04:32:46
2004,Frigo Cuisine,0.156,232.2,33.9,33.87,2026-01-03 03:32:26,2026-01-03 04:32:46
2005,Lampe Salle à manger,0.0,231.9,0.0,0.0,2026-01-03 03:32:26,2026-01-03 04:32:46
2006,Chargeurs Salle à manger,0.0,232.1,0.0,0.0,2026-01-03 03:32:26,2026-01-03 04:32:46
2007,Lampe Cuisine,0.0,231.8,0.0,0.0,2026-01-03 03:32:26,2026-01-03 04:32:46
2008,Lampe Chambre,0.0,233.0,0.0,0.0,2026-01-03 03:32:26,2026-01-03 04:32:46
2001,TV Salle à manger,0.006,239.3,0.0,0.0,2026-01-03 04:32:46,2026-01-03 05:33:02
2002,Four Cuisine,0.114,238.3,23.9,23.86,2026-01-03 04:32:46,2026-01-03 05:33:02
2003,Machine à Laver Cuisine,0.0,239.2,0.0,0.0,2026-01-03 04:32:46,2026-01-03 05:33:02
2004,Frigo Cuisine,0.186,238.6,40.5,40.5,2026-01-03 04:32:46,2026-01-03 05:33:02
2005,Lampe Salle à manger,0.033,238.3,7.4,7.42,2026-01-03 04:32:46,2026-01-03 05:33:02
2006,Chargeurs Salle à manger,0.032,238.5,4.3,4.25,2026-01-03 04:32:46,2026-01-03 05:33:02
2007,Lampe Cuisine,0.03,238.2,4.2,4.24,2026-01-03 04:32:46,2026-01-03 05:33:02
2008,Lampe Chambre,0.0,239.5,0.0,0.0,2026-01-03 04:32:46,2026-01-03 05:33:02
2001,TV Salle à manger,0.004,242.5,0.0,0.0,2026-01-03 05:33:02,2026-01-03 06:33:18
2002,Four Cuisine,0.0,241.5,0.0,0.0,2026-01-03 05:33:02,2026-01-03 06:33:18
2003,Machine à Laver Cuisine,0.0,242.3,0.0,0.0,2026-01-03 05:33:02,2026-01-03 06:33:18
2004,Frigo Cuisine,0.064,241.9,13.8,13.82,2026-01-03 05:33:02,2026-01-03 06:33:18
2005,Lampe Salle à manger,0.0,241.4,0.0,0.0,2026-01-03 05:33:02,2026-01-03 06:33:18
2006,Chargeurs Salle à manger,0.05,241.7,6.6,6.57,2026-01-03 05:33:02,2026-01-03 06:33:18
2007,Lampe Cuisine,0.0,241.4,0.0,0.0,2026-01-03 05:33:02,2026-01-03 06:33:18
2008,Lampe Chambre,0.0,242.6,0.0,0.0,2026-01-03 05:33:02,2026-01-03 06:33:18
2001,TV Salle à manger,0.006,242.8,0.0,0.0,2026-01-03 06:33:18,2026-01-03 07:33:35
2002,Four Cuisine,0.0,241.8,0.0,0.0,2026-01-03 06:33:18,2026-01-03 07:33:35
2003,Machine à Laver Cuisine,0.0,242.6,0.0,0.0,2026-01-03 06:33:18,2026-01-03 07:33:35
2004,Frigo Cuisine,0.198,242.1,43.3,43.34,2026-01-03 06:33:18,2026-01-03 07:33:35
2005,Lampe Salle à manger,0.0,241.8,0.0,0.0,2026-01-03 06:33:18,2026-01-03 07:33:35
2006,Chargeurs Salle à manger,0.02,242.0,2.4,2.45,2026-01-03 06:33:18,2026-01-03 07:33:35
2007,Lampe Cuisine,0.0,241.6,0.0,0.0,2026-01-03 06:33:18,2026-01-03 07:33:35
2008,Lampe Chambre,0.0,242.9,0.0,0.0,2026-01-03 06:33:18,2026-01-03 07:33:35
2001,TV Salle à manger,0.006,242.9,0.0,0.0,2026-01-03 07:33:35,2026-01-03 08:33:51
2002,Four Cuisine,0.0,242.0,0.0,0.0,2026-01-03 07:33:35,2026-01-03 08:33:51
2003,Machine à Laver Cuisine,0.0,242.7,0.0,0.0,2026-01-03 07:33:35,2026-01-03 08:33:51
2004,Frigo Cuisine,0.039,242.3,8.3,8.31,2026-01-03 07:33:35,2026-01-03 08:33:51
2005,Lampe Salle à manger,0.0,241.9,0.0,0.0,2026-01-03 07:33:35,2026-01-03 08:33:51
2006,Chargeurs Salle à manger,0.016,242.1,1.8,1.78,2026-01-03 07:33:35,2026-01-03 08:33:51
2007,Lampe Cuisine,0.0,241.8,0.0,0.0,2026-01-03 07:33:35,2026-01-03 08:33:51
2008,Lampe Chambre,0.0,243.0,0.0,0.0,2026-01-03 07:33:35,2026-01-03 08:33:51
2001,TV Salle à manger,0.006,243.9,0.0,0.0,2026-01-03 08:33:51,2026-01-03 09:34:07
2002,Four Cuisine,0.0,242.9,0.0,0.0,2026-01-03 08:33:51,2026-01-03 09:34:07
2003,Machine à Laver Cuisine,0.0,243.8,0.0,0.0,2026-01-03 08:33:51,2026-01-03 09:34:07
2004,Frigo Cuisine,0.217,243.2,47.5,47.47,2026-01-03 08:33:51,2026-01-03 09:34:07
2005,Lampe Salle à manger,0.0,242.9,0.0,0.0,2026-01-03 08:33:51,2026-01-03 09:34:07
2006,Chargeurs Salle à manger,0.014,243.1,1.5,1.53,2026-01-03 08:33:51,2026-01-03 09:34:07
2007,Lampe Cuisine,0.0,242.7,0.0,0.0,2026-01-03 08:33:51,2026-01-03 09:34:07
2008,Lampe Chambre,0.0,244.1,0.0,0.0,2026-01-03 08:33:51,2026-01-03 09:34:07
2001,TV Salle à manger,0.005,244.2,0.0,0.0,2026-01-03 09:34:07,2026-01-03 10:34:31
2002,Four Cuisine,0.0,243.3,0.0,0.0,2026-01-03 09:34:07,2026-01-03 10:34:31
2003,Machine à Laver Cuisine,0.0,244.1,0.0,0.0,2026-01-03 09:34:07,2026-01-03 10:34:31
2004,Frigo Cuisine,0.001,243.7,0.1,0.11,2026-01-03 09:34:07,2026-01-03 10:34:31
2005,Lampe Salle à manger,0.0,243.2,0.0,0.0,2026-01-03 09:34:07,2026-01-03 10:34:31
2006,Chargeurs Salle à manger,0.011,243.5,1.2,1.22,2026-01-03 09:34:07,2026-01-03 10:34:31
2007,Lampe Cuisine,0.0,243.2,0.0,0.0,2026-01-03 09:34:07,2026-01-03 10:34:31
2008,Lampe Chambre,0.0,244.4,0.0,0.0,2026-01-03 09:34:07,2026-01-03 10:34:31
2001,TV Salle à manger,0.005,244.1,0.0,0.0,2026-01-03 10:34:31,2026-01-03 11:34:56
2002,Four Cuisine,0.0,243.1,0.0,0.0,2026-01-03 10:34:31,2026-01-03 11:34:56
2003,Machine à Laver Cuisine,0.0,244.0,0.0,0.0,2026-01-03 10:34:31,2026-01-03 11:34:56
2004,Frigo Cuisine,0.322,243.3,75.0,75.02,2026-01-03 10:34:31,2026-01-03 11:34:56
2005,Lampe Salle à manger,0.0,243.1,0.0,0.0,2026-01-03 10:34:31,2026-01-03 11:34:56
2006,Chargeurs Salle à manger,0.011,243.4,1.3,1.26,2026-01-03 10:34:31,2026-01-03 11:34:56
2007,Lampe Cuisine,0.0,242.9,0.0,0.0,2026-01-03 10:34:31,2026-01-03 11:34:56
2008,Lampe Chambre,0.0,244.3,0.0,0.0,2026-01-03 10:34:31,2026-01-03 11:34:56
2001,TV Salle à manger,0.005,243.7,0.0,0.0,2026-01-03 11:34:56,2026-01-03 12:35:28
2002,Four Cuisine,0.0,242.7,0.0,0.0,2026-01-03 11:34:56,2026-01-03 12:35:28
2003,Machine à Laver Cuisine,0.0,243.6,0.0,0.0,2026-01-03 11:34:56,2026-01-03 12:35:28
2004,Frigo Cuisine,0.288,243.0,63.2,63.21,2026-01-03 11:34:56,2026-01-03 12:35:28
2005,Lampe Salle à manger,0.0,242.7,0.0,0.0,2026-01-03 11:34:56,2026-01-03 12:35:28
2006,Chargeurs Salle à manger,0.014,242.9,1.5,1.55,2026-01-03 11:34:56,2026-01-03 12:35:28
2007,Lampe Cuisine,0.0,242.5,0.0,0.0,2026-01-03 11:34:56,2026-01-03 12:35:28
2008,Lampe Chambre,0.0,243.9,0.0,0.0,2026-01-03 11:34:56,2026-01-03 12:35:28
2001,TV Salle à manger,0.004,243.9,0.0,0.04,2026-01-03 12:35:28,2026-01-03 13:35:50
2002,Four Cuisine,0.0,242.9,0.0,0.0,2026-01-03 12:35:28,2026-01-03 13:35:50
2003,Machine à Laver Cuisine,0.0,243.7,0.0,0.0,2026-01-03 12:35:28,2026-01-03 13:35:50
2004,Frigo Cuisine,0.078,243.3,17.3,17.25,2026-01-03 12:35:28,2026-01-03 13:35:50
2005,Lampe Salle à manger,0.0,242.9,0.0,0.0,2026-01-03 12:35:28,2026-01-03 13:35:50
2006,Chargeurs Salle à manger,0.012,243.1,1.4,1.36,2026-01-03 12:35:28,2026-01-03 13:35:50
2007,Lampe Cuisine,0.007,242.8,1.0,0.97,2026-01-03 12:35:28,2026-01-03 13:35:50
2008,Lampe Chambre,0.0,244.1,0.0,0.0,2026-01-03 12:35:28,2026-01-03 13:35:50
2001,TV Salle à manger,0.008,244.4,0.0,0.05,2026-01-03 13:35:50,2026-01-03 14:36:20
2002,Four Cuisine,0.0,243.5,0.0,0.0,2026-01-03 13:35:50,2026-01-03 14:36:20
2003,Machine à Laver Cuisine,0.0,244.3,0.0,0.0,2026-01-03 13:35:50,2026-01-03 14:36:20
2004,Frigo Cuisine,0.123,243.8,26.8,26.83,2026-01-03 13:35:50,2026-01-03 14:36:20
2005,Lampe Salle à manger,0.0,243.4,0.0,0.0,2026-01-03 13:35:50,2026-01-03 14:36:20
2006,Chargeurs Salle à manger,0.013,243.6,1.4,1.43,2026-01-03 13:35:50,2026-01-03 14:36:20
2007,Lampe Cuisine,0.0,243.3,0.0,0.0,2026-01-03 13:35:50,2026-01-03 14:36:20
2008,Lampe Chambre,0.0,244.6,0.0,0.0,2026-01-03 13:35:50,2026-01-03 14:36:20
2001,TV Salle à manger,0.008,244.8,0.0,0.0,2026-01-03 14:36:20,2026-01-03 15:36:42
2002,Four Cuisine,0.0,243.7,0.0,0.0,2026-01-03 14:36:20,2026-01-03 15:36:42
2003,Machine à Laver Cuisine,0.0,244.6,0.0,0.0,2026-01-03 14:36:20,2026-01-03 15:36:42
2004,Frigo Cuisine,0.2,244.1,43.7,43.69,2026-01-03 14:36:20,2026-01-03 15:36:42
2005,Lampe Salle à manger,0.0,243.7,0.0,0.0,2026-01-03 14:36:20,2026-01-03 15:36:42
2006,Chargeurs Salle à manger,0.012,244.0,1.3,1.35,2026-01-03 14:36:20,2026-01-03 15:36:42
2007,Lampe Cuisine,0.0,243.6,0.0,0.0,2026-01-03 14:36:20,2026-01-03 15:36:42
2008,Lampe Chambre,0.0,244.9,0.0,0.0,2026-01-03 14:36:20,2026-01-03 15:36:42
2001,TV Salle à manger,0.005,234.4,0.0,0.0,2026-01-03 15:36:42,2026-01-03 16:37:17
2002,Four Cuisine,0.006,233.6,0.9,0.94,2026-01-03 15:36:42,2026-01-03 16:37:17
2003,Machine à Laver Cuisine,0.0,234.3,0.0,0.0,2026-01-03 15:36:42,2026-01-03 16:37:17
2004,Frigo Cuisine,0.008,233.9,1.5,1.51,2026-01-03 15:36:42,2026-01-03 16:37:17
2005,Lampe Salle à manger,0.0,233.5,0.0,0.0,2026-01-03 15:36:42,2026-01-03 16:37:17
2006,Chargeurs Salle à manger,0.016,233.8,1.5,1.47,2026-01-03 15:36:42,2026-01-03 16:37:17
2007,Lampe Cuisine,0.0,233.4,0.0,0.0,2026-01-03 15:36:42,2026-01-03 16:37:17
2008,Lampe Chambre,0.0,234.6,0.0,0.0,2026-01-03 15:36:42,2026-01-03 16:37:17
2001,TV Salle à manger,0.006,232.8,0.0,0.02,2026-01-03 16:37:17,2026-01-03 17:37:47
2002,Four Cuisine,0.0,231.8,0.0,0.0,2026-01-03 16:37:17,2026-01-03 17:37:47
2003,Machine à Laver Cuisine,0.0,232.6,0.0,0.0,2026-01-03 16:37:17,2026-01-03 17:37:47
2004,Frigo Cuisine,0.194,232.1,42.1,42.07,2026-01-03 16:37:17,2026-01-03 17:37:47
2005,Lampe Salle à manger,0.007,231.8,1.5,1.54,2026-01-03 16:37:17,2026-01-03 17:37:47
2006,Chargeurs Salle à manger,0.015,232.0,1.4,1.35,2026-01-03 16:37:17,2026-01-03 17:37:47
2007,Lampe Cuisine,0.0,231.7,0.0,0.0,2026-01-03 16:37:17,2026-01-03 17:37:47
2008,Lampe Chambre,0.0,232.9,0.0,0.0,2026-01-03 16:37:17,2026-01-03 17:37:47
2001,TV Salle à manger,0.115,232.8,24.1,24.13,2026-01-03 17:37:47,2026-01-03 18:38:14
2002,Four Cuisine,0.0,231.9,0.0,0.0,2026-01-03 17:37:47,2026-01-03 18:38:14
2003,Machine à Laver Cuisine,0.0,232.7,0.0,0.0,2026-01-03 17:37:47,2026-01-03 18:38:14
2004,Frigo Cuisine,0.02,232.3,4.4,4.38,2026-01-03 17:37:47,2026-01-03 18:38:14
2005,Lampe Salle à manger,0.052,231.9,11.3,11.31,2026-01-03 17:37:47,2026-01-03 18:38:14
2006,Chargeurs Salle à manger,0.015,232.1,1.3,1.29,2026-01-03 17:37:47,2026-01-03 18:38:14
2007,Lampe Cuisine,0.006,231.8,0.8,0.75,2026-01-03 17:37:47,2026-01-03 18:38:14
2008,Lampe Chambre,0.0,233.0,0.0,0.0,2026-01-03 17:37:47,2026-01-03 18:38:14
2001,TV Salle à manger,0.74,232.6,160.5,160.5,2026-01-03 18:38:14,2026-01-03 19:38:45
2002,Four Cuisine,0.11,231.6,23.1,23.11,2026-01-03 18:38:14,2026-01-03 19:38:45
2003,Machine à Laver Cuisine,0.0,232.4,0.0,0.0,2026-01-03 18:38:14,2026-01-03 19:38:45
2004,Frigo Cuisine,0.185,232.0,40.1,40.13,2026-01-03 18:38:14,2026-01-03 19:38:45
2005,Lampe Salle à manger,0.052,231.6,11.3,11.27,2026-01-03 18:38:14,2026-01-03 19:38:45
2006,Chargeurs Salle à manger,0.017,231.9,1.6,1.56,2026-01-03 18:38:14,2026-01-03 19:38:45
2007,Lampe Cuisine,0.028,231.5,3.6,3.64,2026-01-03 18:38:14,2026-01-03 19:38:45
2008,Lampe Chambre,0.0,232.8,0.0,0.0,2026-01-03 18:38:14,2026-01-03 19:38:45
2001,TV Salle à manger,0.736,232.7,159.6,159.58,2026-01-03 19:38:45,2026-01-03 20:40:33
2002,Four Cuisine,0.116,231.7,24.4,24.36,2026-01-03 19:38:45,2026-01-03 20:40:33
2003,Machine à Laver Cuisine,0.0,232.5,0.0,0.0,2026-01-03 19:38:45,2026-01-03 20:40:33
2004,Frigo Cuisine,0.1,232.1,21.9,21.86,2026-01-03 19:38:45,2026-01-03 20:40:33
2005,Lampe Salle à manger,0.052,231.7,11.3,11.26,2026-01-03 19:38:45,2026-01-03 20:40:33
2006,Chargeurs Salle à manger,0.023,231.9,2.2,2.18,2026-01-03 19:38:45,2026-01-03 20:40:33
2007,Lampe Cuisine,0.039,231.6,5.1,5.09,2026-01-03 19:38:45,2026-01-03 20:40:33
2008,Lampe Chambre,0.0,232.9,0.0,0.0,2026-01-03 19:38:45,2026-01-03 20:40:33
2001,TV Salle à manger,0.728,232.7,157.7,157.74,2026-01-03 20:40:33,2026-01-03 21:42:16
2002,Four Cuisine,0.077,231.8,3.5,3.53,2026-01-03 20:40:33,2026-01-03 21:42:16
2003,Machine à Laver Cuisine,0.0,232.6,0.0,0.0,2026-01-03 20:40:33,2026-01-03 21:42:16
2004,Frigo Cuisine,0.121,232.2,25.8,25.79,2026-01-03 20:40:33,2026-01-03 21:42:16
2005,Lampe Salle à manger,0.052,231.8,11.3,11.26,2026-01-03 20:40:33,2026-01-03 21:42:16
2006,Chargeurs Salle à manger,0.01,232.0,0.9,0.93,2026-01-03 20:40:33,2026-01-03 21:42:16
2007,Lampe Cuisine,0.04,231.7,5.1,5.08,2026-01-03 20:40:33,2026-01-03 21:42:16
2008,Lampe Chambre,0.0,232.9,0.0,0.0,2026-01-03 20:40:33,2026-01-03 21:42:16
2001,TV Salle à manger,0.728,232.7,157.7,152.47,2026-01-03 21:42:16,2026-01-03 22:44:45
2002,Four Cuisine,0.0,231.8,0.0,0.0,2026-01-03 21:42:16,2026-01-03 22:44:45
2003,Machine à Laver Cuisine,0.0,232.6,0.0,0.0,2026-01-03 21:42:16,2026-01-03 22:44:45
2004,Frigo Cuisine,0.165,232.1,36.0,35.38,2026-01-03 21:42:16,2026-01-03 22:44:45
2005,Lampe Salle à manger,0.052,231.8,11.3,11.08,2026-01-03 21:42:16,2026-01-03 22:44:45
2006,Chargeurs Salle à manger,0.0,232.0,0.0,0.0,2026-01-03 21:42:16,2026-01-03 22:44:45
2007,Lampe Cuisine,0.04,231.7,5.1,5.01,2026-01-03 21:42:16,2026-01-03 22:44:45
2008,Lampe Chambre,0.0,232.9,0.0,0.0,2026-01-03 21:42:16,2026-01-03 22:44:45
2001,TV Salle à manger,0.727,233.1,157.6,157.65,2026-01-03 22:44:45,2026-01-03 23:45:51
2002,Four Cuisine,0.0,232.2,0.0,0.0,2026-01-03 22:44:45,2026-01-03 23:45:51
2003,Machine à Laver Cuisine,0.0,232.9,0.0,0.0,2026-01-03 22:44:45,2026-01-03 23:45:51
2004,Frigo Cuisine,0.063,232.6,13.5,13.46,2026-01-03 22:44:45,2026-01-03 23:45:51
2005,Lampe Salle à manger,0.052,232.1,11.3,11.26,2026-01-03 22:44:45,2026-01-03 23:45:51
2006,Chargeurs Salle à manger,0.0,232.3,0.0,0.0,2026-01-03 22:44:45,2026-01-03 23:45:51
2007,Lampe Cuisine,0.039,232.1,5.1,5.1,2026-01-03 22:44:45,2026-01-03 23:45:51
2008,Lampe Chambre,0.0,233.3,0.0,0.0,2026-01-03 22:44:45,2026-01-03 23:45:51
2001,TV Salle à manger,0.181,241.2,39.4,39.39,2026-01-03 23:45:51,2026-01-04 00:46:20
2002,Four Cuisine,0.0,240.2,0.0,0.0,2026-01-03 23:45:51,2026-01-04 00:46:20
2003,Machine à Laver Cuisine,0.0,241.1,0.0,0.0,2026-01-03 23:45:51,2026-01-04 00:46:20
2004,Frigo Cuisine,0.244,240.5,53.3,53.35,2026-01-03 23:45:51,2026-01-04 00:46:20
2005,Lampe Salle à manger,0.02,240.2,4.5,4.53,2026-01-03 23:45:51,2026-01-04 00:46:20
2006,Chargeurs Salle à manger,0.0,240.5,0.0,0.0,2026-01-03 23:45:51,2026-01-04 00:46:20
2007,Lampe Cuisine,0.014,240.1,2.0,2.01,2026-01-03 23:45:51,2026-01-04 00:46:20
2008,Lampe Chambre,0.0,241.4,0.0,0.0,2026-01-03 23:45:51,2026-01-04 00:46:20
2001,TV Salle à manger,0.009,243.7,0.1,0.12,2026-01-04 00:46:20,2026-01-04 01:47:29
2002,Four Cuisine,0.0,242.7,0.0,0.0,2026-01-04 00:46:20,2026-01-04 01:47:29
2003,Machine à Laver Cuisine,0.0,243.6,0.0,0.0,2026-01-04 00:46:20,2026-01-04 01:47:29
2004,Frigo Cuisine,0.033,243.2,7.0,7.0,2026-01-04 00:46:20,2026-01-04 01:47:29
2005,Lampe Salle à manger,0.0,242.7,0.0,0.0,2026-01-04 00:46:20,2026-01-04 01:47:29
2006,Chargeurs Salle à manger,0.0,242.9,0.0,0.0,2026-01-04 00:46:20,2026-01-04 01:47:29
2007,Lampe Cuisine,0.0,242.7,0.0,0.0,2026-01-04 00:46:20,2026-01-04 01:47:29
2008,Lampe Chambre,0.0,243.9,0.0,0.0,2026-01-04 00:46:20,2026-01-04 01:47:29
2001,TV Salle à manger,0.009,242.3,0.0,0.0,2026-01-04 01:47:29,2026-01-04 02:48:08
2002,Four Cuisine,0.0,241.3,0.0,0.0,2026-01-04 01:47:29,2026-01-04 02:48:08
2003,Machine à Laver Cuisine,0.0,242.1,0.0,0.0,2026-01-04 01:47:29,2026-01-04 02:48:08
2004,Frigo Cuisine,0.206,241.6,44.9,44.88,2026-01-04 01:47:29,2026-01-04 02:48:08
2005,Lampe Salle à manger,0.0,241.2,0.0,0.0,2026-01-04 01:47:29,2026-01-04 02:48:08
2006,Chargeurs Salle à manger,0.0,241.5,0.0,0.0,2026-01-04 01:47:29,2026-01-04 02:48:08
2007,Lampe Cuisine,0.0,241.1,0.0,0.0,2026-01-04 01:47:29,2026-01-04 02:48:08
2008,Lampe Chambre,0.0,242.5,0.0,0.0,2026-01-04 01:47:29,2026-01-04 02:48:08
2001,TV Salle à manger,0.005,243.6,0.0,0.0,2026-01-04 02:48:08,2026-01-04 03:48:42
2002,Four Cuisine,0.0,242.7,0.0,0.0,2026-01-04 02:48:08,2026-01-04 03:48:42
2003,Machine à Laver Cuisine,0.0,243.4,0.0,0.0,2026-01-04 02:48:08,2026-01-04 03:48:42
2004,Frigo Cuisine,0.0,243.1,0.0,0.0,2026-01-04 02:48:08,2026-01-04 03:48:42
2005,Lampe Salle à manger,0.0,242.5,0.0,0.0,2026-01-04 02:48:08,2026-01-04 03:48:42
2006,Chargeurs Salle à manger,0.0,242.8,0.0,0.0,2026-01-04 02:48:08,2026-01-04 03:48:42
2007,Lampe Cuisine,0.0,242.5,0.0,0.0,2026-01-04 02:48:08,2026-01-04 03:48:42
2008,Lampe Chambre,0.0,243.8,0.0,0.0,2026-01-04 02:48:08,2026-01-04 03:48:42
2001,TV Salle à manger,0.006,244.0,0.0,0.0,2026-01-04 03:48:42,2026-01-04 04:49:29
2002,Four Cuisine,0.0,243.0,0.0,0.0,2026-01-04 03:48:42,2026-01-04 04:49:29
2003,Machine à Laver Cuisine,0.0,243.9,0.0,0.0,2026-01-04 03:48:42,2026-01-04 04:49:29
2004,Frigo Cuisine,0.201,243.4,43.7,43.72,2026-01-04 03:48:42,2026-01-04 04:49:29
2005,Lampe Salle à manger,0.014,243.0,3.3,3.28,2026-01-04 03:48:42,2026-01-04 04:49:29
2006,Chargeurs Salle à manger,0.0,243.2,0.0,0.0,2026-01-04 03:48:42,2026-01-04 04:49:29
2007,Lampe Cuisine,0.009,242.9,1.2,1.23,2026-01-04 03:48:42,2026-01-04 04:49:29
2008,Lampe Chambre,0.0,244.2,0.0,0.0,2026-01-04 03:48:42,2026-01-04 04:49:29
2001,TV Salle à manger,0.009,243.4,0.0,0.02,2026-01-04 04:49:29,2026-01-04 05:50:05
2002,Four Cuisine,0.0,242.4,0.0,0.0,2026-01-04 04:49:29,2026-01-04 05:50:05
2003,Machine à Laver Cuisine,0.0,243.3,0.0,0.0,2026-01-04 04:49:29,2026-01-04 05:50:05
2004,Frigo Cuisine,0.071,242.8,15.6,15.56,2026-01-04 04:49:29,2026-01-04 05:50:05
2005,Lampe Salle à manger,0.021,242.4,4.7,4.74,2026-01-04 04:49:29,2026-01-04 05:50:05
2006,Chargeurs Salle à manger,0.0,242.6,0.0,0.0,2026-01-04 04:49:29,2026-01-04 05:50:05
2007,Lampe Cuisine,0.017,242.3,2.4,2.39,2026-01-04 04:49:29,2026-01-04 05:50:05
2008,Lampe Chambre,0.0,243.6,0.0,0.0,2026-01-04 04:49:29,2026-01-04 05:50:05
2001,TV Salle à manger,0.006,243.2,0.0,0.0,2026-01-04 05:50:05,2026-01-04 06:50:32
2002,Four Cuisine,0.0,242.2,0.0,0.0,2026-01-04 05:50:05,2026-01-04 06:50:32
2003,Machine à Laver Cuisine,0.0,243.1,0.0,0.0,2026-01-04 05:50:05,2026-01-04 06:50:32
2004,Frigo Cuisine,0.191,242.6,41.6,41.55,2026-01-04 05:50:05,2026-01-04 06:50:32
2005,Lampe Salle à manger,0.0,242.2,0.0,0.0,2026-01-04 05:50:05,2026-01-04 06:50:32
2006,Chargeurs Salle à manger,0.0,242.4,0.0,0.0,2026-01-04 05:50:05,2026-01-04 06:50:32
2007,Lampe Cuisine,0.0,242.1,0.0,0.0,2026-01-04 05:50:05,2026-01-04 06:50:32
2008,Lampe Chambre,0.0,243.4,0.0,0.0,2026-01-04 05:50:05,2026-01-04 06:50:32
2001,TV Salle à manger,0.004,242.8,0.0,0.0,2026-01-04 06:50:32,2026-01-04 07:51:09
2002,Four Cuisine,0.0,241.9,0.0,0.0,2026-01-04 06:50:32,2026-01-04 07:51:09
2003,Machine à Laver Cuisine,0.0,242.7,0.0,0.0,2026-01-04 06:50:32,2026-01-04 07:51:09
2004,Frigo Cuisine,0.052,242.3,11.3,11.34,2026-01-04 06:50:32,2026-01-04 07:51:09
2005,Lampe Salle à manger,0.0,241.8,0.0,0.0,2026-01-04 06:50:32,2026-01-04 07:51:09
2006,Chargeurs Salle à manger,0.0,242.0,0.0,0.0,2026-01-04 06:50:32,2026-01-04 07:51:09
2007,Lampe Cuisine,0.0,241.8,0.0,0.0,2026-01-04 06:50:32,2026-01-04 07:51:09
2008,Lampe Chambre,0.0,243.0,0.0,0.0,2026-01-04 06:50:32,2026-01-04 07:51:09
2001,TV Salle à manger,0.005,244.0,0.0,0.0,2026-01-04 07:51:09,2026-01-04 08:51:36
2002,Four Cuisine,0.0,243.0,0.0,0.0,2026-01-04 07:51:09,2026-01-04 08:51:36
2003,Machine à Laver Cuisine,0.0,243.9,0.0,0.0,2026-01-04 07:51:09,2026-01-04 08:51:36
2004,Frigo Cuisine,0.189,243.4,40.9,40.9,2026-01-04 07:51:09,2026-01-04 08:51:36
2005,Lampe Salle à manger,0.0,243.0,0.0,0.0,2026-01-04 07:51:09,2026-01-04 08:51:36
2006,Chargeurs Salle à manger,0.0,243.2,0.0,0.0,2026-01-04 07:51:09,2026-01-04 08:51:36
2007,Lampe Cuisine,0.0,242.9,0.0,0.0,2026-01-04 07:51:09,2026-01-04 08:51:36
2008,Lampe Chambre,0.0,244.2,0.0,0.0,2026-01-04 07:51:09,2026-01-04 08:51:36
2001,TV Salle à manger,0.003,244.7,0.0,0.0,2026-01-04 08:51:36,2026-01-04 09:52:05
2002,Four Cuisine,0.0,243.8,0.0,0.0,2026-01-04 08:51:36,2026-01-04 09:52:05
2003,Machine à Laver Cuisine,0.0,244.6,0.0,0.0,2026-01-04 08:51:36,2026-01-04 09:52:05
2004,Frigo Cuisine,0.065,244.1,13.9,13.94,2026-01-04 08:51:36,2026-01-04 09:52:05
2005,Lampe Salle à manger,0.0,243.7,0.0,0.0,2026-01-04 08:51:36,2026-01-04 09:52:05
2006,Chargeurs Salle à manger,0.0,243.9,0.0,0.0,2026-01-04 08:51:36,2026-01-04 09:52:05
2007,Lampe Cuisine,0.0,243.6,0.0,0.0,2026-01-04 08:51:36,2026-01-04 09:52:05
2008,Lampe Chambre,0.0,244.9,0.0,0.0,2026-01-04 08:51:36,2026-01-04 09:52:05
2001,TV Salle à manger,0.004,244.4,0.0,0.0,2026-01-04 09:52:05,2026-01-04 10:52:42
2002,Four Cuisine,0.0,243.4,0.0,0.0,2026-01-04 09:52:05,2026-01-04 10:52:42
2003,Machine à Laver Cuisine,0.0,244.3,0.0,0.0,2026-01-04 09:52:05,2026-01-04 10:52:42
2004,Frigo Cuisine,0.186,243.8,40.8,40.78,2026-01-04 09:52:05,2026-01-04 10:52:42
2005,Lampe Salle à manger,0.0,243.4,0.0,0.0,2026-01-04 09:52:05,2026-01-04 10:52:42
2006,Chargeurs Salle à manger,0.0,243.6,0.0,0.0,2026-01-04 09:52:05,2026-01-04 10:52:42
2007,Lampe Cuisine,0.0,243.3,0.0,0.0,2026-01-04 09:52:05,2026-01-04 10:52:42
2008,Lampe Chambre,0.0,244.6,0.0,0.0,2026-01-04 09:52:05,2026-01-04 10:52:42
2001,TV Salle à manger,0.357,244.0,80.0,79.96,2026-01-04 10:52:42,2026-01-04 11:53:25
2002,Four Cuisine,0.0,243.0,0.0,0.0,2026-01-04 10:52:42,2026-01-04 11:53:25
2003,Machine à Laver Cuisine,0.0,243.8,0.0,0.0,2026-01-04 10:52:42,2026-01-04 11:53:25
2004,Frigo Cuisine,0.014,243.4,2.9,2.86,2026-01-04 10:52:42,2026-01-04 11:53:25
2005,Lampe Salle à manger,0.0,243.0,0.0,0.0,2026-01-04 10:52:42,2026-01-04 11:53:25
2006,Chargeurs Salle à manger,0.0,243.2,0.0,0.0,2026-01-04 10:52:42,2026-01-04 11:53:25
2007,Lampe Cuisine,0.0,242.9,0.0,0.0,2026-01-04 10:52:42,2026-01-04 11:53:25
2008,Lampe Chambre,0.0,244.2,0.0,0.0,2026-01-04 10:52:42,2026-01-04 11:53:25
2001,TV Salle à manger,0.71,242.8,160.0,159.95,2026-01-04 11:53:25,2026-01-04 12:53:52
2002,Four Cuisine,0.0,241.9,0.0,0.0,2026-01-04 11:53:25,2026-01-04 12:53:52
2003,Machine à Laver Cuisine,0.0,242.7,0.0,0.0,2026-01-04 11:53:25,2026-01-04 12:53:52
2004,Frigo Cuisine,0.211,242.2,46.0,45.96,2026-01-04 11:53:25,2026-01-04 12:53:52
2005,Lampe Salle à manger,0.0,241.9,0.0,0.0,2026-01-04 11:53:25,2026-01-04 12:53:52
2006,Chargeurs Salle à manger,0.0,242.1,0.0,0.0,2026-01-04 11:53:25,2026-01-04 12:53:52
2007,Lampe Cuisine,0.0,241.8,0.0,0.0,2026-01-04 11:53:25,2026-01-04 12:53:52
2008,Lampe Chambre,0.0,243.1,0.0,0.0,2026-01-04 11:53:25,2026-01-04 12:53:52
2001,TV Salle à manger,0.704,243.6,159.2,159.16,2026-01-04 12:53:52,2026-01-04 13:54:23
2002,Four Cuisine,0.0,242.7,0.0,0.0,2026-01-04 12:53:52,2026-01-04 13:54:23
2003,Machine à Laver Cuisine,0.0,243.5,0.0,0.0,2026-01-04 12:53:52,2026-01-04 13:54:23
2004,Frigo Cuisine,0.002,243.1,0.2,0.2,2026-01-04 12:53:52,2026-01-04 13:54:23
2005,Lampe Salle à manger,0.0,242.6,0.0,0.0,2026-01-04 12:53:52,2026-01-04 13:54:23
2006,Chargeurs Salle à manger,0.0,242.8,0.0,0.0,2026-01-04 12:53:52,2026-01-04 13:54:23
2007,Lampe Cuisine,0.0,242.6,0.0,0.0,2026-01-04 12:53:52,2026-01-04 13:54:23
2008,Lampe Chambre,0.0,243.8,0.0,0.0,2026-01-04 12:53:52,2026-01-04 13:54:23
2001,TV Salle à manger,0.7,244.3,158.6,158.62,2026-01-04 13:54:23,2026-01-04 14:54:56
2002,Four Cuisine,0.0,243.3,0.0,0.0,2026-01-04 13:54:23,2026-01-04 14:54:56
2003,Machine à Laver Cuisine,0.0,244.1,0.0,0.0,2026-01-04 13:54:23,2026-01-04 14:54:56
2004,Frigo Cuisine,0.237,243.6,51.7,51.67,2026-01-04 13:54:23,2026-01-04 14:54:56
2005,Lampe Salle à manger,0.0,243.3,0.0,0.0,2026-01-04 13:54:23,2026-01-04 14:54:56
2006,Chargeurs Salle à manger,0.0,243.5,0.0,0.0,2026-01-04 13:54:23,2026-01-04 14:54:56
2007,Lampe Cuisine,0.0,243.2,0.0,0.0,2026-01-04 13:54:23,2026-01-04 14:54:56
2008,Lampe Chambre,0.0,244.5,0.0,0.0,2026-01-04 13:54:23,2026-01-04 14:54:56
2001,TV Salle à manger,0.709,243.7,160.2,160.21,2026-01-04 14:54:56,2026-01-04 15:55:29
2002,Four Cuisine,0.0,242.7,0.0,0.0,2026-01-04 14:54:56,2026-01-04 15:55:29
2003,Machine à Laver Cuisine,0.0,243.5,0.0,0.0,2026-01-04 14:54:56,2026-01-04 15:55:29
2004,Frigo Cuisine,0.0,243.1,0.0,0.0,2026-01-04 14:54:56,2026-01-04 15:55:29
2005,Lampe Salle à manger,0.0,242.6,0.0,0.0,2026-01-04 14:54:56,2026-01-04 15:55:29
2006,Chargeurs Salle à manger,0.0,242.8,0.0,0.0,2026-01-04 14:54:56,2026-01-04 15:55:29
2007,Lampe Cuisine,0.0,242.6,0.0,0.0,2026-01-04 14:54:56,2026-01-04 15:55:29
2008,Lampe Chambre,0.0,243.8,0.0,0.0,2026-01-04 14:54:56,2026-01-04 15:55:29
2001,TV Salle à manger,0.711,243.3,160.5,160.46,2026-01-04 15:55:29,2026-01-04 16:55:52
2002,Four Cuisine,0.0,242.2,0.0,0.0,2026-01-04 15:55:29,2026-01-04 16:55:52
2003,Machine à Laver Cuisine,0.0,243.1,0.0,0.0,2026-01-04 15:55:29,2026-01-04 16:55:52
2004,Frigo Cuisine,0.232,242.6,50.6,50.63,2026-01-04 15:55:29,2026-01-04 16:55:52
2005,Lampe Salle à manger,0.0,242.3,0.0,0.0,2026-01-04 15:55:29,2026-01-04 16:55:52
2006,Chargeurs Salle à manger,0.0,242.5,0.0,0.0,2026-01-04 15:55:29,2026-01-04 16:55:52
2007,Lampe Cuisine,0.0,242.2,0.0,0.0,2026-01-04 15:55:29,2026-01-04 16:55:52
2008,Lampe Chambre,0.0,243.5,0.0,0.0,2026-01-04 15:55:29,2026-01-04 16:55:52
2001,TV Salle à manger,0.707,242.2,158.8,158.79,2026-01-04 16:55:52,2026-01-04 17:56:18
2002,Four Cuisine,0.0,241.2,0.0,0.0,2026-01-04 16:55:52,2026-01-04 17:56:18
2003,Machine à Laver Cuisine,0.0,242.0,0.0,0.0,2026-01-04 16:55:52,2026-01-04 17:56:18
2004,Frigo Cuisine,0.052,241.6,11.6,11.56,2026-01-04 16:55:52,2026-01-04 17:56:18
2005,Lampe Salle à manger,0.035,241.2,7.8,7.81,2026-01-04 16:55:52,2026-01-04 17:56:18
2006,Chargeurs Salle à manger,0.0,241.4,0.0,0.0,2026-01-04 16:55:52,2026-01-04 17:56:18
2007,Lampe Cuisine,0.0,241.1,0.0,0.0,2026-01-04 16:55:52,2026-01-04 17:56:18
2008,Lampe Chambre,0.0,242.4,0.0,0.0,2026-01-04 16:55:52,2026-01-04 17:56:18
2001,TV Salle à manger,0.704,243.3,158.8,158.83,2026-01-04 17:56:18,2026-01-04 18:56:53
2002,Four Cuisine,0.0,242.3,0.0,0.0,2026-01-04 17:56:18,2026-01-04 18:56:53
2003,Machine à Laver Cuisine,0.0,243.2,0.0,0.0,2026-01-04 17:56:18,2026-01-04 18:56:53
2004,Frigo Cuisine,0.197,242.7,42.5,42.54,2026-01-04 17:56:18,2026-01-04 18:56:53
2005,Lampe Salle à manger,0.05,242.3,11.3,11.34,2026-01-04 17:56:18,2026-01-04 18:56:53
2006,Chargeurs Salle à manger,0.0,242.5,0.0,0.0,2026-01-04 17:56:18,2026-01-04 18:56:53
2007,Lampe Cuisine,0.0,242.2,0.0,0.0,2026-01-04 17:56:18,2026-01-04 18:56:53
2008,Lampe Chambre,0.0,243.5,0.0,0.0,2026-01-04 17:56:18,2026-01-04 18:56:53
2001,TV Salle à manger,0.704,244.2,159.4,159.38,2026-01-04 18:56:53,2026-01-04 19:57:28
2002,Four Cuisine,0.0,243.2,0.0,0.0,2026-01-04 18:56:53,2026-01-04 19:57:28
2003,Machine à Laver Cuisine,0.0,244.0,0.0,0.0,2026-01-04 18:56:53,2026-01-04 19:57:28
2004,Frigo Cuisine,0.11,243.6,23.9,23.87,2026-01-04 18:56:53,2026-01-04 19:57:28
2005,Lampe Salle à manger,0.05,243.2,11.3,11.32,2026-01-04 18:56:53,2026-01-04 19:57:28
2006,Chargeurs Salle à manger,0.0,243.4,0.0,0.0,2026-01-04 18:56:53,2026-01-04 19:57:28
2007,Lampe Cuisine,0.025,243.1,3.6,3.58,2026-01-04 18:56:53,2026-01-04 19:57:28
2008,Lampe Chambre,0.0,244.4,0.0,0.0,2026-01-04 18:56:53,2026-01-04 19:57:28
2001,TV Salle à manger,0.694,244.4,157.2,157.18,2026-01-04 19:57:28,2026-01-04 20:57:49
2002,Four Cuisine,0.0,243.3,0.0,0.0,2026-01-04 19:57:28,2026-01-04 20:57:49
2003,Machine à Laver Cuisine,0.0,244.2,0.0,0.0,2026-01-04 19:57:28,2026-01-04 20:57:49
2004,Frigo Cuisine,0.2,243.7,43.9,43.92,2026-01-04 19:57:28,2026-01-04 20:57:49
2005,Lampe Salle à manger,0.05,243.3,11.3,11.33,2026-01-04 19:57:28,2026-01-04 20:57:49
2006,Chargeurs Salle à manger,0.0,243.6,0.0,0.0,2026-01-04 19:57:28,2026-01-04 20:57:49
2007,Lampe Cuisine,0.037,243.3,5.4,5.36,2026-01-04 19:57:28,2026-01-04 20:57:49
2008,Lampe Chambre,0.0,244.6,0.0,0.0,2026-01-04 19:57:28,2026-01-04 20:57:49
2001,TV Salle à manger,0.702,242.7,158.0,157.98,2026-01-04 20:57:49,2026-01-04 21:58:10
2002,Four Cuisine,0.0,241.7,0.0,0.0,2026-01-04 20:57:49,2026-01-04 21:58:10
2003,Machine à Laver Cuisine,0.0,242.5,0.0,0.0,2026-01-04 20:57:49,2026-01-04 21:58:10
2004,Frigo Cuisine,0.02,242.2,4.3,4.25,2026-01-04 20:57:49,2026-01-04 21:58:10
2005,Lampe Salle à manger,0.05,241.6,11.3,11.34,2026-01-04 20:57:49,2026-01-04 21:58:10
2006,Chargeurs Salle à manger,0.0,241.9,0.0,0.0,2026-01-04 20:57:49,2026-01-04 21:58:10
2007,Lampe Cuisine,0.037,241.6,5.3,5.31,2026-01-04 20:57:49,2026-01-04 21:58:10
2008,Lampe Chambre,0.0,242.9,0.0,0.0,2026-01-04 20:57:49,2026-01-04 21:58:10
2001,TV Salle à manger,0.02,243.1,2.7,2.75,2026-01-04 21:58:10,2026-01-04 22:58:36
2002,Four Cuisine,0.0,242.0,0.0,0.0,2026-01-04 21:58:10,2026-01-04 22:58:36
2003,Machine à Laver Cuisine,0.0,242.9,0.0,0.0,2026-01-04 21:58:10,2026-01-04 22:58:36
2004,Frigo Cuisine,0.27,242.3,59.1,59.12,2026-01-04 21:58:10,2026-01-04 22:58:36
2005,Lampe Salle à manger,0.044,242.0,9.8,9.84,2026-01-04 21:58:10,2026-01-04 22:58:36
2006,Chargeurs Salle à manger,0.0,242.2,0.0,0.0,2026-01-04 21:58:10,2026-01-04 22:58:36
2007,Lampe Cuisine,0.03,241.9,4.3,4.33,2026-01-04 21:58:10,2026-01-04 22:58:36
2008,Lampe Chambre,0.0,243.3,0.0,0.0,2026-01-04 21:58:10,2026-01-04 22:58:36
2001,TV Salle à manger,0.005,233.6,0.0,0.0,2026-01-04 22:58:36,2026-01-04 23:58:57
2002,Four Cuisine,0.0,232.7,0.0,0.0,2026-01-04 22:58:36,2026-01-04 23:58:57
2003,Machine à Laver Cuisine,0.0,233.5,0.0,0.0,2026-01-04 22:58:36,2026-01-04 23:58:57
2004,Frigo Cuisine,0.001,233.1,0.1,0.05,2026-01-04 22:58:36,2026-01-04 23:58:57
2005,Lampe Salle à manger,0.003,232.6,0.8,0.76,2026-01-04 22:58:36,2026-01-04 23:58:57
2006,Chargeurs Salle à manger,0.0,232.8,0.0,0.0,2026-01-04 22:58:36,2026-01-04 23:58:57
2007,Lampe Cuisine,0.001,232.6,0.1,0.13,2026-01-04 22:58:36,2026-01-04 23:58:57
2008,Lampe Chambre,0.0,233.8,0.0,0.0,2026-01-04 22:58:36,2026-01-04 23:58:57
2001,TV Salle à manger,0.005,232.7,0.1,0.06,2026-01-04 23:58:57,2026-01-05 00:59:22
2002,Four Cuisine,0.0,231.8,0.0,0.0,2026-01-04 23:58:57,2026-01-05 00:59:22
2003,Machine à Laver Cuisine,0.0,232.6,0.0,0.0,2026-01-04 23:58:57,2026-01-05 00:59:22
2004,Frigo Cuisine,0.212,232.1,45.9,45.92,2026-01-04 23:58:57,2026-01-05 00:59:22
2005,Lampe Salle à manger,0.0,231.8,0.0,0.0,2026-01-04 23:58:57,2026-01-05 00:59:22
2006,Chargeurs Salle à manger,0.0,232.0,0.0,0.0,2026-01-04 23:58:57,2026-01-05 00:59:22
2007,Lampe Cuisine,0.0,231.7,0.0,0.0,2026-01-04 23:58:57,2026-01-05 00:59:22
2008,Lampe Chambre,0.0,232.9,0.0,0.0,2026-01-04 23:58:57,2026-01-05 00:59:22
2001,TV Salle à manger,0.006,232.8,0.0,0.0,2026-01-05 00:59:22,2026-01-05 01:59:48
2002,Four Cuisine,0.0,231.9,0.0,0.0,2026-01-05 00:59:22,2026-01-05 01:59:48
2003,Machine à Laver Cuisine,0.0,232.7,0.0,0.0,2026-01-05 00:59:22,2026-01-05 01:59:48
2004,Frigo Cuisine,0.0,232.3,0.0,0.0,2026-01-05 00:59:22,2026-01-05 01:59:48
2005,Lampe Salle à manger,0.0,231.8,0.0,0.0,2026-01-05 00:59:22,2026-01-05 01:59:48
2006,Chargeurs Salle à manger,0.0,232.0,0.0,0.0,2026-01-05 00:59:22,2026-01-05 01:59:48
2007,Lampe Cuisine,0.0,231.8,0.0,0.0,2026-01-05 00:59:22,2026-01-05 01:59:48
2008,Lampe Chambre,0.0,233.0,0.0,0.0,2026-01-05 00:59:22,2026-01-05 01:59:48
2001,TV Salle à manger,0.005,232.8,0.0,0.0,2026-01-05 01:59:48,2026-01-05 03:00:07
2002,Four Cuisine,0.0,231.8,0.0,0.0,2026-01-05 01:59:48,2026-01-05 03:00:07
2003,Machine à Laver Cuisine,0.0,232.7,0.0,0.0,2026-01-05 01:59:48,2026-01-05 03:00:07
2004,Frigo Cuisine,0.187,232.1,40.5,40.51,2026-01-05 01:59:48,2026-01-05 03:00:07
2005,Lampe Salle à manger,0.0,231.8,0.0,0.0,2026-01-05 01:59:48,2026-01-05 03:00:07
2006,Chargeurs Salle à manger,0.0,232.0,0.0,0.0,2026-01-05 01:59:48,2026-01-05 03:00:07
2007,Lampe Cuisine,0.0,231.7,0.0,0.0,2026-01-05 01:59:48,2026-01-05 03:00:07
2008,Lampe Chambre,0.0,232.9,0.0,0.0,2026-01-05 01:59:48,2026-01-05 03:00:07
2001,TV Salle à manger,0.005,232.8,0.0,0.0,2026-01-05 03:00:07,2026-01-05 04:00:26
2002,Four Cuisine,0.0,231.9,0.0,0.0,2026-01-05 03:00:07,2026-01-05 04:00:26
2003,Machine à Laver Cuisine,0.0,232.7,0.0,0.0,2026-01-05 03:00:07,2026-01-05 04:00:26
2004,Frigo Cuisine,0.062,232.2,13.6,13.61,2026-01-05 03:00:07,2026-01-05 04:00:26
2005,Lampe Salle à manger,0.0,231.8,0.0,0.0,2026-01-05 03:00:07,2026-01-05 04:00:26
2006,Chargeurs Salle à manger,0.0,232.0,0.0,0.0,2026-01-05 03:00:07,2026-01-05 04:00:26
2007,Lampe Cuisine,0.0,231.8,0.0,0.0,2026-01-05 03:00:07,2026-01-05 04:00:26
2008,Lampe Chambre,0.0,233.0,0.0,0.0,2026-01-05 03:00:07,2026-01-05 04:00:26
2001,TV Salle à manger,0.006,232.7,0.0,0.0,2026-01-05 04:00:26,2026-01-05 05:00:45
2002,Four Cuisine,0.0,231.7,0.0,0.0,2026-01-05 04:00:26,2026-01-05 05:00:45
2003,Machine à Laver Cuisine,0.0,232.6,0.0,0.0,2026-01-05 04:00:26,2026-01-05 05:00:45
2004,Frigo Cuisine,0.25,232.1,55.9,55.94,2026-01-05 04:00:26,2026-01-05 05:00:45
2005,Lampe Salle à manger,0.0,231.8,0.0,0.0,2026-01-05 04:00:26,2026-01-05 05:00:45
2006,Chargeurs Salle à manger,0.0,231.9,0.0,0.0,2026-01-05 04:00:26,2026-01-05 05:00:45
2007,Lampe Cuisine,0.0,231.6,0.0,0.0,2026-01-05 04:00:26,2026-01-05 05:00:45
2008,Lampe Chambre,0.0,232.9,0.0,0.0,2026-01-05 04:00:26,2026-01-05 05:00:45
2001,TV Salle à manger,0.007,232.7,0.0,0.0,2026-01-05 05:00:45,2026-01-05 06:01:04
2002,Four Cuisine,0.0,231.7,0.0,0.0,2026-01-05 05:00:45,2026-01-05 06:01:04
2003,Machine à Laver Cuisine,0.0,232.6,0.0,0.0,2026-01-05 05:00:45,2026-01-05 06:01:04
2004,Frigo Cuisine,0.385,231.9,85.6,85.57,2026-01-05 05:00:45,2026-01-05 06:01:04
2005,Lampe Salle à manger,0.0,231.7,0.0,0.0,2026-01-05 05:00:45,2026-01-05 06:01:04
2006,Chargeurs Salle à manger,0.0,231.9,0.0,0.0,2026-01-05 05:00:45,2026-01-05 06:01:04
2007,Lampe Cuisine,0.0,231.5,0.0,0.0,2026-01-05 05:00:45,2026-01-05 06:01:04
2008,Lampe Chambre,0.0,232.9,0.0,0.0,2026-01-05 05:00:45,2026-01-05 06:01:04
2001,TV Salle à manger,0.005,232.8,0.0,0.0,2026-01-05 06:01:04,2026-01-05 07:01:22
2002,Four Cuisine,0.0,231.9,0.0,0.0,2026-01-05 06:01:04,2026-01-05 07:01:22
2003,Machine à Laver Cuisine,0.0,232.7,0.0,0.0,2026-01-05 06:01:04,2026-01-05 07:01:22
2004,Frigo Cuisine,0.051,232.3,11.0,11.04,2026-01-05 06:01:04,2026-01-05 07:01:22
2005,Lampe Salle à manger,0.0,231.8,0.0,0.0,2026-01-05 06:01:04,2026-01-05 07:01:22
2006,Chargeurs Salle à manger,0.0,232.0,0.0,0.0,2026-01-05 06:01:04,2026-01-05 07:01:22
2007,Lampe Cuisine,0.0,231.8,0.0,0.0,2026-01-05 06:01:04,2026-01-05 07:01:22
2008,Lampe Chambre,0.0,232.9,0.0,0.0,2026-01-05 06:01:04,2026-01-05 07:01:22
2001,TV Salle à manger,0.006,232.8,0.1,0.09,2026-01-05 07:01:22,2026-01-05 08:01:43
2002,Four Cuisine,0.0,231.8,0.0,0.0,2026-01-05 07:01:22,2026-01-05 08:01:43
2003,Machine à Laver Cuisine,0.0,232.7,0.0,0.0,2026-01-05 07:01:22,2026-01-05 08:01:43
2004,Frigo Cuisine,0.096,232.2,20.5,20.54,2026-01-05 07:01:22,2026-01-05 08:01:43
2005,Lampe Salle à manger,0.0,231.8,0.0,0.0,2026-01-05 07:01:22,2026-01-05 08:01:43
2006,Chargeurs Salle à manger,0.0,232.0,0.0,0.0,2026-01-05 07:01:22,2026-01-05 08:01:43
2007,Lampe Cuisine,0.0,231.7,0.0,0.0,2026-01-05 07:01:22,2026-01-05 08:01:43
2008,Lampe Chambre,0.0,232.9,0.0,0.0,2026-01-05 07:01:22,2026-01-05 08:01:43
2001,TV Salle à manger,0.004,232.8,0.0,0.0,2026-01-05 08:01:43,2026-01-05 09:02:01
2002,Four Cuisine,0.0,231.8,0.0,0.0,2026-01-05 08:01:43,2026-01-05 09:02:01
2003,Machine à Laver Cuisine,0.0,232.7,0.0,0.0,2026-01-05 08:01:43,2026-01-05 09:02:01
2004,Frigo Cuisine,0.126,232.2,27.2,27.24,2026-01-05 08:01:43,2026-01-05 09:02:01
2005,Lampe Salle à manger,0.024,231.8,5.3,5.33,2026-01-05 08:01:43,2026-01-05 09:02:01
2006,Chargeurs Salle à manger,0.0,232.0,0.0,0.0,2026-01-05 08:01:43,2026-01-05 09:02:01
2007,Lampe Cuisine,0.0,231.7,0.0,0.0,2026-01-05 08:01:43,2026-01-05 09:02:01
2008,Lampe Chambre,0.0,232.9,0.0,0.0,2026-01-05 08:01:43,2026-01-05 09:02:01
2001,TV Salle à manger,0.007,232.8,0.0,0.02,2026-01-05 09:02:01,2026-01-05 10:02:20
2002,Four Cuisine,0.0,231.8,0.0,0.0,2026-01-05 09:02:01,2026-01-05 10:02:20
2003,Machine à Laver Cuisine,0.0,232.7,0.0,0.0,2026-01-05 09:02:01,2026-01-05 10:02:20
2004,Frigo Cuisine,0.15,232.2,32.5,32.53,2026-01-05 09:02:01,2026-01-05 10:02:20
2005,Lampe Salle à manger,0.0,231.8,0.0,0.0,2026-01-05 09:02:01,2026-01-05 10:02:20
2006,Chargeurs Salle à manger,0.0,232.0,0.0,0.0,2026-01-05 09:02:01,2026-01-05 10:02:20
2007,Lampe Cuisine,0.0,231.7,0.0,0.0,2026-01-05 09:02:01,2026-01-05 10:02:20
2008,Lampe Chambre,0.0,233.0,0.0,0.0,2026-01-05 09:02:01,2026-01-05 10:02:20
2001,TV Salle à manger,0.005,232.8,0.0,0.02,2026-01-05 10:02:20,2026-01-05 11:02:42
2002,Four Cuisine,0.0,231.8,0.0,0.0,2026-01-05 10:02:20,2026-01-05 11:02:42
2003,Machine à Laver Cuisine,0.0,232.7,0.0,0.0,2026-01-05 10:02:20,2026-01-05 11:02:42
2004,Frigo Cuisine,0.175,232.2,24.7,24.71,2026-01-05 10:02:20,2026-01-05 11:02:42
2005,Lampe Salle à manger,0.0,231.8,0.0,0.0,2026-01-05 10:02:20,2026-01-05 11:02:42
2006,Chargeurs Salle à manger,0.0,232.0,0.0,0.0,2026-01-05 10:02:20,2026-01-05 11:02:42
2007,Lampe Cuisine,0.0,231.7,0.0,0.0,2026-01-05 10:02:20,2026-01-05 11:02:42
2008,Lampe Chambre,0.0,233.0,0.0,0.0,2026-01-05 10:02:20,2026-01-05 11:02:42
2001,TV Salle à manger,0.007,232.8,0.0,0.02,2026-01-05 11:02:42,2026-01-05 12:03:02
2002,Four Cuisine,0.0,231.9,0.0,0.0,2026-01-05 11:02:42,2026-01-05 12:03:02
2003,Machine à Laver Cuisine,0.0,232.7,0.0,0.0,2026-01-05 11:02:42,2026-01-05 12:03:02
2004,Frigo Cuisine,0.05,232.3,10.6,10.6,2026-01-05 11:02:42,2026-01-05 12:03:02
2005,Lampe Salle à manger,0.0,231.8,0.0,0.0,2026-01-05 11:02:42,2026-01-05 12:03:02
2006,Chargeurs Salle à manger,0.0,232.0,0.0,0.0,2026-01-05 11:02:42,2026-01-05 12:03:02
2007,Lampe Cuisine,0.0,231.8,0.0,0.0,2026-01-05 11:02:42,2026-01-05 12:03:02
2008,Lampe Chambre,0.0,233.0,0.0,0.0,2026-01-05 11:02:42,2026-01-05 12:03:02
2001,TV Salle à manger,0.008,235.1,0.0,0.0,2026-01-05 12:03:02,2026-01-05 13:03:29
2002,Four Cuisine,0.0,234.1,0.0,0.0,2026-01-05 12:03:02,2026-01-05 13:03:29
2003,Machine à Laver Cuisine,0.0,235.0,0.0,0.0,2026-01-05 12:03:02,2026-01-05 13:03:29
2004,Frigo Cuisine,0.305,234.4,63.8,63.78,2026-01-05 12:03:02,2026-01-05 13:03:29
2005,Lampe Salle à manger,0.0,234.1,0.0,0.0,2026-01-05 12:03:02,2026-01-05 13:03:29
2006,Chargeurs Salle à manger,0.0,234.3,0.0,0.0,2026-01-05 12:03:02,2026-01-05 13:03:29
2007,Lampe Cuisine,0.0,234.0,0.0,0.0,2026-01-05 12:03:02,2026-01-05 13:03:29
2008,Lampe Chambre,0.0,235.3,0.0,0.0,2026-01-05 12:03:02,2026-01-05 13:03:29
2001,TV Salle à manger,0.008,241.6,0.0,0.02,2026-01-05 13:03:29,2026-01-05 14:04:03
2002,Four Cuisine,0.0,240.7,0.0,0.0,2026-01-05 13:03:29,2026-01-05 14:04:03
2003,Machine à Laver Cuisine,0.0,241.5,0.0,0.0,2026-01-05 13:03:29,2026-01-05 14:04:03
2004,Frigo Cuisine,0.027,241.0,5.9,5.91,2026-01-05 13:03:29,2026-01-05 14:04:03
2005,Lampe Salle à manger,0.0,240.6,0.0,0.0,2026-01-05 13:03:29,2026-01-05 14:04:03
2006,Chargeurs Salle à manger,0.0,240.8,0.0,0.0,2026-01-05 13:03:29,2026-01-05 14:04:03
2007,Lampe Cuisine,0.001,240.5,0.1,0.09,2026-01-05 13:03:29,2026-01-05 14:04:03
2008,Lampe Chambre,0.0,241.7,0.0,0.0,2026-01-05 13:03:29,2026-01-05 14:04:03
2001,TV Salle à manger,0.009,242.4,0.0,0.0,2026-01-05 14:04:03,2026-01-05 15:04:30
2002,Four Cuisine,0.0,241.4,0.0,0.0,2026-01-05 14:04:03,2026-01-05 15:04:30
2003,Machine à Laver Cuisine,0.0,242.3,0.0,0.0,2026-01-05 14:04:03,2026-01-05 15:04:30
2004,Frigo Cuisine,0.17,241.7,36.8,36.84,2026-01-05 14:04:03,2026-01-05 15:04:30
2005,Lampe Salle à manger,0.0,241.4,0.0,0.0,2026-01-05 14:04:03,2026-01-05 15:04:30
2006,Chargeurs Salle à manger,0.0,241.6,0.0,0.0,2026-01-05 14:04:03,2026-01-05 15:04:30
2007,Lampe Cuisine,0.012,241.3,1.8,1.76,2026-01-05 14:04:03,2026-01-05 15:04:30
2008,Lampe Chambre,0.0,242.6,0.0,0.0,2026-01-05 14:04:03,2026-01-05 15:04:30
2001,TV Salle à manger,0.005,242.7,0.0,0.0,2026-01-05 15:04:30,2026-01-05 16:04:50
2002,Four Cuisine,0.0,241.8,0.0,0.0,2026-01-05 15:04:30,2026-01-05 16:04:50
2003,Machine à Laver Cuisine,0.0,242.6,0.0,0.0,2026-01-05 15:04:30,2026-01-05 16:04:50
2004,Frigo Cuisine,0.077,242.1,16.8,16.75,2026-01-05 15:04:30,2026-01-05 16:04:50
2005,Lampe Salle à manger,0.0,241.7,0.0,0.0,2026-01-05 15:04:30,2026-01-05 16:04:50
2006,Chargeurs Salle à manger,0.0,241.9,0.0,0.0,2026-01-05 15:04:30,2026-01-05 16:04:50
2007,Lampe Cuisine,0.037,241.6,5.3,5.29,2026-01-05 15:04:30,2026-01-05 16:04:50
2008,Lampe Chambre,0.0,242.9,0.0,0.0,2026-01-05 15:04:30,2026-01-05 16:04:50
2001,TV Salle à manger,0.141,243.3,30.1,30.12,2026-01-05 16:04:50,2026-01-05 17:05:13
2002,Four Cuisine,0.0,242.4,0.0,0.0,2026-01-05 16:04:50,2026-01-05 17:05:13
2003,Machine à Laver Cuisine,0.0,243.2,0.0,0.0,2026-01-05 16:04:50,2026-01-05 17:05:13
2004,Frigo Cuisine,0.114,242.7,24.8,24.78,2026-01-05 16:04:50,2026-01-05 17:05:13
2005,Lampe Salle à manger,0.0,242.3,0.0,0.0,2026-01-05 16:04:50,2026-01-05 17:05:13
2006,Chargeurs Salle à manger,0.0,242.5,0.0,0.0,2026-01-05 16:04:50,2026-01-05 17:05:13
2007,Lampe Cuisine,0.037,242.2,5.3,5.3,2026-01-05 16:04:50,2026-01-05 17:05:13
2008,Lampe Chambre,0.0,243.5,0.0,0.0,2026-01-05 16:04:50,2026-01-05 17:05:13
2001,TV Salle à manger,0.008,242.8,0.0,0.03,2026-01-05 17:05:13,2026-01-05 18:05:35
2002,Four Cuisine,0.0,241.8,0.0,0.0,2026-01-05 17:05:13,2026-01-05 18:05:35
2003,Machine à Laver Cuisine,0.0,242.7,0.0,0.0,2026-01-05 17:05:13,2026-01-05 18:05:35
2004,Frigo Cuisine,0.152,242.2,33.1,33.13,2026-01-05 17:05:13,2026-01-05 18:05:35
2005,Lampe Salle à manger,0.0,241.8,0.0,0.0,2026-01-05 17:05:13,2026-01-05 18:05:35
2006,Chargeurs Salle à manger,0.0,242.0,0.0,0.0,2026-01-05 17:05:13,2026-01-05 18:05:35
2007,Lampe Cuisine,0.015,241.7,2.1,2.12,2026-01-05 17:05:13,2026-01-05 18:05:35
2008,Lampe Chambre,0.0,243.0,0.0,0.0,2026-01-05 17:05:13,2026-01-05 18:05:35
2001,TV Salle à manger,0.004,242.4,0.0,0.0,2026-01-05 18:05:35,2026-01-05 19:05:57
2002,Four Cuisine,0.0,241.5,0.0,0.0,2026-01-05 18:05:35,2026-01-05 19:05:57
2003,Machine à Laver Cuisine,0.0,242.4,0.0,0.0,2026-01-05 18:05:35,2026-01-05 19:05:57
2004,Frigo Cuisine,0.032,241.9,6.8,6.85,2026-01-05 18:05:35,2026-01-05 19:05:57
2005,Lampe Salle à manger,0.0,241.5,0.0,0.0,2026-01-05 18:05:35,2026-01-05 19:05:57
2006,Chargeurs Salle à manger,0.0,241.7,0.0,0.0,2026-01-05 18:05:35,2026-01-05 19:05:57
2007,Lampe Cuisine,0.0,241.4,0.0,0.0,2026-01-05 18:05:35,2026-01-05 19:05:57
2008,Lampe Chambre,0.0,242.6,0.0,0.0,2026-01-05 18:05:35,2026-01-05 19:05:57
2001,TV Salle à manger,0.178,242.3,37.8,37.83,2026-01-05 19:05:57,2026-01-05 20:06:22
2002,Four Cuisine,0.0,241.4,0.0,0.0,2026-01-05 19:05:57,2026-01-05 20:06:22
2003,Machine à Laver Cuisine,0.0,242.2,0.0,0.0,2026-01-05 19:05:57,2026-01-05 20:06:22
2004,Frigo Cuisine,0.227,241.7,49.5,49.48,2026-01-05 19:05:57,2026-01-05 20:06:22
2005,Lampe Salle à manger,0.041,241.3,9.2,9.16,2026-01-05 19:05:57,2026-01-05 20:06:22
2006,Chargeurs Salle à manger,0.0,241.5,0.0,0.0,2026-01-05 19:05:57,2026-01-05 20:06:22
2007,Lampe Cuisine,0.0,241.2,0.0,0.0,2026-01-05 19:05:57,2026-01-05 20:06:22
2008,Lampe Chambre,0.0,242.5,0.0,0.0,2026-01-05 19:05:57,2026-01-05 20:06:22
2001,TV Salle à manger,0.461,244.2,101.4,101.39,2026-01-05 20:06:22,2026-01-05 21:06:40
2002,Four Cuisine,0.0,243.3,0.0,0.0,2026-01-05 20:06:22,2026-01-05 21:06:40
2003,Machine à Laver Cuisine,0.0,244.1,0.0,0.0,2026-01-05 20:06:22,2026-01-05 21:06:40
2004,Frigo Cuisine,0.002,243.7,0.2,0.2,2026-01-05 20:06:22,2026-01-05 21:06:40
2005,Lampe Salle à manger,0.05,243.2,11.4,11.35,2026-01-05 20:06:22,2026-01-05 21:06:40
2006,Chargeurs Salle à manger,0.0,243.4,0.0,0.0,2026-01-05 20:06:22,2026-01-05 21:06:40
2007,Lampe Cuisine,0.0,243.2,0.0,0.0,2026-01-05 20:06:22,2026-01-05 21:06:40
2008,Lampe Chambre,0.0,244.4,0.0,0.0,2026-01-05 20:06:22,2026-01-05 21:06:40
2001,TV Salle à manger,0.445,244.8,97.7,97.74,2026-01-05 21:06:40,2026-01-05 22:07:04
2002,Four Cuisine,0.0,243.8,0.0,0.0,2026-01-05 21:06:40,2026-01-05 22:07:04
2003,Machine à Laver Cuisine,0.0,244.7,0.0,0.0,2026-01-05 21:06:40,2026-01-05 22:07:04
2004,Frigo Cuisine,0.241,244.2,52.6,52.56,2026-01-05 21:06:40,2026-01-05 22:07:04
2005,Lampe Salle à manger,0.05,243.8,11.4,11.38,2026-01-05 21:06:40,2026-01-05 22:07:04
2006,Chargeurs Salle à manger,0.0,244.0,0.0,0.0,2026-01-05 21:06:40,2026-01-05 22:07:04
2007,Lampe Cuisine,0.0,243.7,0.0,0.0,2026-01-05 21:06:40,2026-01-05 22:07:04
2008,Lampe Chambre,0.0,245.0,0.0,0.0,2026-01-05 21:06:40,2026-01-05 22:07:04
2001,TV Salle à manger,0.388,242.8,84.1,84.13,2026-01-05 22:07:04,2026-01-05 23:07:23
2002,Four Cuisine,0.0,241.9,0.0,0.0,2026-01-05 22:07:04,2026-01-05 23:07:23
2003,Machine à Laver Cuisine,0.0,242.7,0.0,0.0,2026-01-05 22:07:04,2026-01-05 23:07:23
2004,Frigo Cuisine,0.001,242.3,0.1,0.12,2026-01-05 22:07:04,2026-01-05 23:07:23
2005,Lampe Salle à manger,0.05,241.9,11.4,11.36,2026-01-05 22:07:04,2026-01-05 23:07:23
2006,Chargeurs Salle à manger,0.0,242.0,0.0,0.0,2026-01-05 22:07:04,2026-01-05 23:07:23
2007,Lampe Cuisine,0.0,241.8,0.0,0.0,2026-01-05 22:07:04,2026-01-05 23:07:23
2008,Lampe Chambre,0.0,243.0,0.0,0.0,2026-01-05 22:07:04,2026-01-05 23:07:23
2001,TV Salle à manger,0.005,244.8,0.0,0.02,2026-01-05 23:07:23,2026-01-06 00:08:18
2002,Four Cuisine,0.0,243.9,0.0,0.0,2026-01-05 23:07:23,2026-01-06 00:08:18
2003,Machine à Laver Cuisine,0.0,244.7,0.0,0.0,2026-01-05 23:07:23,2026-01-06 00:08:18
2004,Frigo Cuisine,0.208,244.2,45.4,45.39,2026-01-05 23:07:23,2026-01-06 00:08:18
2005,Lampe Salle à manger,0.003,243.8,0.8,0.76,2026-01-05 23:07:23,2026-01-06 00:08:18
2006,Chargeurs Salle à manger,0.0,244.0,0.0,0.0,2026-01-05 23:07:23,2026-01-06 00:08:18
2007,Lampe Cuisine,0.0,243.7,0.0,0.0,2026-01-05 23:07:23,2026-01-06 00:08:18
2008,Lampe Chambre,0.0,245.0,0.0,0.0,2026-01-05 23:07:23,2026-01-06 00:08:18
2001,TV Salle à manger,0.009,244.8,0.0,0.04,2026-01-06 00:08:18,2026-01-06 01:08:37
2002,Four Cuisine,0.0,243.8,0.0,0.0,2026-01-06 00:08:18,2026-01-06 01:08:37
2003,Machine à Laver Cuisine,0.0,244.7,0.0,0.0,2026-01-06 00:08:18,2026-01-06 01:08:37
2004,Frigo Cuisine,0.117,244.2,25.4,25.44,2026-01-06 00:08:18,2026-01-06 01:08:37
2005,Lampe Salle à manger,0.0,243.8,0.0,0.0,2026-01-06 00:08:18,2026-01-06 01:08:37
2006,Chargeurs Salle à manger,0.0,244.0,0.0,0.0,2026-01-06 00:08:18,2026-01-06 01:08:37
2007,Lampe Cuisine,0.0,243.7,0.0,0.0,2026-01-06 00:08:18,2026-01-06 01:08:37
2008,Lampe Chambre,0.0,245.0,0.0,0.0,2026-01-06 00:08:18,2026-01-06 01:08:37
2001,TV Salle à manger,0.005,243.8,0.0,0.0,2026-01-06 01:08:37,2026-01-06 02:09:08
2002,Four Cuisine,0.0,242.9,0.0,0.0,2026-01-06 01:08:37,2026-01-06 02:09:08
2003,Machine à Laver Cuisine,0.0,243.7,0.0,0.0,2026-01-06 01:08:37,2026-01-06 02:09:08
2004,Frigo Cuisine,0.116,243.2,25.3,25.34,2026-01-06 01:08:37,2026-01-06 02:09:08
2005,Lampe Salle à manger,0.0,242.8,0.0,0.0,2026-01-06 01:08:37,2026-01-06 02:09:08
2006,Chargeurs Salle à manger,0.0,243.0,0.0,0.0,2026-01-06 01:08:37,2026-01-06 02:09:08
2007,Lampe Cuisine,0.0,242.7,0.0,0.0,2026-01-06 01:08:37,2026-01-06 02:09:08
2008,Lampe Chambre,0.0,244.0,0.0,0.0,2026-01-06 01:08:37,2026-01-06 02:09:08
2001,TV Salle à manger,0.009,243.9,0.0,0.02,2026-01-06 02:09:08,2026-01-06 03:09:33
2002,Four Cuisine,0.0,243.0,0.0,0.0,2026-01-06 02:09:08,2026-01-06 03:09:33
2003,Machine à Laver Cuisine,0.0,243.8,0.0,0.0,2026-01-06 02:09:08,2026-01-06 03:09:33
2004,Frigo Cuisine,0.033,243.4,7.1,7.05,2026-01-06 02:09:08,2026-01-06 03:09:33
2005,Lampe Salle à manger,0.0,242.9,0.0,0.0,2026-01-06 02:09:08,2026-01-06 03:09:33
2006,Chargeurs Salle à manger,0.0,243.1,0.0,0.0,2026-01-06 02:09:08,2026-01-06 03:09:33
2007,Lampe Cuisine,0.0,242.9,0.0,0.0,2026-01-06 02:09:08,2026-01-06 03:09:33
2008,Lampe Chambre,0.0,244.1,0.0,0.0,2026-01-06 02:09:08,2026-01-06 03:09:33
2001,TV Salle à manger,0.005,243.9,0.0,0.0,2026-01-06 03:09:33,2026-01-06 04:09:56
2002,Four Cuisine,0.0,242.9,0.0,0.0,2026-01-06 03:09:33,2026-01-06 04:09:56
2003,Machine à Laver Cuisine,0.0,243.8,0.0,0.0,2026-01-06 03:09:33,2026-01-06 04:09:56
2004,Frigo Cuisine,0.154,243.2,33.5,33.47,2026-01-06 03:09:33,2026-01-06 04:09:56
2005,Lampe Salle à manger,0.0,242.9,0.0,0.0,2026-01-06 03:09:33,2026-01-06 04:09:56
2006,Chargeurs Salle à manger,0.0,243.1,0.0,0.0,2026-01-06 03:09:33,2026-01-06 04:09:56
2007,Lampe Cuisine,0.0,242.8,0.0,0.0,2026-01-06 03:09:33,2026-01-06 04:09:56
2008,Lampe Chambre,0.0,244.1,0.0,0.0,2026-01-06 03:09:33,2026-01-06 04:09:56
2001,TV Salle à manger,0.005,243.6,0.0,0.04,2026-01-06 04:09:56,2026-01-06 05:10:18
2002,Four Cuisine,0.0,242.6,0.0,0.0,2026-01-06 04:09:56,2026-01-06 05:10:18
2003,Machine à Laver Cuisine,0.0,243.5,0.0,0.0,2026-01-06 04:09:56,2026-01-06 05:10:18
2004,Frigo Cuisine,0.151,243.0,32.9,32.93,2026-01-06 04:09:56,2026-01-06 05:10:18
2005,Lampe Salle à manger,0.0,242.6,0.0,0.0,2026-01-06 04:09:56,2026-01-06 05:10:18
2006,Chargeurs Salle à manger,0.0,242.8,0.0,0.0,2026-01-06 04:09:56,2026-01-06 05:10:18
2007,Lampe Cuisine,0.0,242.5,0.0,0.0,2026-01-06 04:09:56,2026-01-06 05:10:18
2008,Lampe Chambre,0.0,243.8,0.0,0.0,2026-01-06 04:09:56,2026-01-06 05:10:18
2001,TV Salle à manger,0.007,242.8,0.0,0.0,2026-01-06 05:10:18,2026-01-06 06:10:42
2002,Four Cuisine,0.0,241.9,0.0,0.0,2026-01-06 05:10:18,2026-01-06 06:10:42
2003,Machine à Laver Cuisine,0.0,242.7,0.0,0.0,2026-01-06 05:10:18,2026-01-06 06:10:42
2004,Frigo Cuisine,0.013,242.3,2.8,2.79,2026-01-06 05:10:18,2026-01-06 06:10:42
2005,Lampe Salle à manger,0.0,241.8,0.0,0.0,2026-01-06 05:10:18,2026-01-06 06:10:42
2006,Chargeurs Salle à manger,0.0,242.0,0.0,0.0,2026-01-06 05:10:18,2026-01-06 06:10:42
2007,Lampe Cuisine,0.0,241.8,0.0,0.0,2026-01-06 05:10:18,2026-01-06 06:10:42
2008,Lampe Chambre,0.0,243.0,0.0,0.0,2026-01-06 05:10:18,2026-01-06 06:10:42
2001,TV Salle à manger,0.007,244.4,0.0,0.0,2026-01-06 06:10:42,2026-01-06 07:11:06
2002,Four Cuisine,0.0,243.5,0.0,0.0,2026-01-06 06:10:42,2026-01-06 07:11:06
2003,Machine à Laver Cuisine,0.0,244.4,0.0,0.0,2026-01-06 06:10:42,2026-01-06 07:11:06
2004,Frigo Cuisine,0.178,243.8,38.6,38.63,2026-01-06 06:10:42,2026-01-06 07:11:06
2005,Lampe Salle à manger,0.0,243.5,0.0,0.0,2026-01-06 06:10:42,2026-01-06 07:11:06
2006,Chargeurs Salle à manger,0.0,243.7,0.0,0.0,2026-01-06 06:10:42,2026-01-06 07:11:06
2007,Lampe Cuisine,0.0,243.3,0.0,0.0,2026-01-06 06:10:42,2026-01-06 07:11:06
2008,Lampe Chambre,0.0,244.6,0.0,0.0,2026-01-06 06:10:42,2026-01-06 07:11:06
2001,TV Salle à manger,0.006,243.0,0.0,0.03,2026-01-06 07:11:06,2026-01-06 08:11:30
2002,Four Cuisine,0.0,242.2,0.0,0.0,2026-01-06 07:11:06,2026-01-06 08:11:30
2003,Machine à Laver Cuisine,0.0,242.9,0.0,0.0,2026-01-06 07:11:06,2026-01-06 08:11:30
2004,Frigo Cuisine,0.0,242.5,0.0,0.0,2026-01-06 07:11:06,2026-01-06 08:11:30
2005,Lampe Salle à manger,0.0,242.1,0.0,0.0,2026-01-06 07:11:06,2026-01-06 08:11:30
2006,Chargeurs Salle à manger,0.0,242.3,0.0,0.0,2026-01-06 07:11:06,2026-01-06 08:11:30
2007,Lampe Cuisine,0.0,242.0,0.0,0.0,2026-01-06 07:11:06,2026-01-06 08:11:30
2008,Lampe Chambre,0.0,243.2,0.0,0.0,2026-01-06 07:11:06,2026-01-06 08:11:30
2001,TV Salle à manger,0.007,242.8,0.0,0.0,2026-01-06 08:11:30,2026-01-06 09:11:57
2002,Four Cuisine,0.0,241.8,0.0,0.0,2026-01-06 08:11:30,2026-01-06 09:11:57
2003,Machine à Laver Cuisine,0.0,242.7,0.0,0.0,2026-01-06 08:11:30,2026-01-06 09:11:57
2004,Frigo Cuisine,0.176,242.2,38.1,38.08,2026-01-06 08:11:30,2026-01-06 09:11:57
2005,Lampe Salle à manger,0.0,241.8,0.0,0.0,2026-01-06 08:11:30,2026-01-06 09:11:57
2006,Chargeurs Salle à manger,0.0,242.1,0.0,0.0,2026-01-06 08:11:30,2026-01-06 09:11:57
2007,Lampe Cuisine,0.0,241.7,0.0,0.0,2026-01-06 08:11:30,2026-01-06 09:11:57
2008,Lampe Chambre,0.0,243.0,0.0,0.0,2026-01-06 08:11:30,2026-01-06 09:11:57
2001,TV Salle à manger,0.008,243.1,0.0,0.0,2026-01-06 09:11:57,2026-01-06 10:12:16
2002,Four Cuisine,0.0,242.2,0.0,0.0,2026-01-06 09:11:57,2026-01-06 10:12:16
2003,Machine à Laver Cuisine,0.0,243.0,0.0,0.0,2026-01-06 09:11:57,2026-01-06 10:12:16
2004,Frigo Cuisine,0.051,242.5,11.1,11.14,2026-01-06 09:11:57,2026-01-06 10:12:16
2005,Lampe Salle à manger,0.0,242.1,0.0,0.0,2026-01-06 09:11:57,2026-01-06 10:12:16
2006,Chargeurs Salle à manger,0.0,242.3,0.0,0.0,2026-01-06 09:11:57,2026-01-06 10:12:16
2007,Lampe Cuisine,0.0,242.0,0.0,0.0,2026-01-06 09:11:57,2026-01-06 10:12:16
2008,Lampe Chambre,0.0,243.3,0.0,0.0,2026-01-06 09:11:57,2026-01-06 10:12:16
2001,TV Salle à manger,0.007,243.1,0.0,0.0,2026-01-06 10:12:16,2026-01-06 11:12:35
2002,Four Cuisine,0.0,242.1,0.0,0.0,2026-01-06 10:12:16,2026-01-06 11:12:35
2003,Machine à Laver Cuisine,0.0,243.0,0.0,0.0,2026-01-06 10:12:16,2026-01-06 11:12:35
2004,Frigo Cuisine,0.157,242.4,34.0,33.96,2026-01-06 10:12:16,2026-01-06 11:12:35
2005,Lampe Salle à manger,0.0,242.1,0.0,0.0,2026-01-06 10:12:16,2026-01-06 11:12:35
2006,Chargeurs Salle à manger,0.0,242.3,0.0,0.0,2026-01-06 10:12:16,2026-01-06 11:12:35
2007,Lampe Cuisine,0.0,242.0,0.0,0.0,2026-01-06 10:12:16,2026-01-06 11:12:35
2008,Lampe Chambre,0.0,243.3,0.0,0.0,2026-01-06 10:12:16,2026-01-06 11:12:35
2001,TV Salle à manger,0.006,243.0,0.0,0.0,2026-01-06 11:12:35,2026-01-06 12:12:55
2002,Four Cuisine,0.0,242.0,0.0,0.0,2026-01-06 11:12:35,2026-01-06 12:12:55
2003,Machine à Laver Cuisine,0.0,242.8,0.0,0.0,2026-01-06 11:12:35,2026-01-06 12:12:55
2004,Frigo Cuisine,0.083,242.3,18.1,18.1,2026-01-06 11:12:35,2026-01-06 12:12:55
2005,Lampe Salle à manger,0.0,242.0,0.0,0.0,2026-01-06 11:12:35,2026-01-06 12:12:55
2006,Chargeurs Salle à manger,0.0,242.2,0.0,0.0,2026-01-06 11:12:35,2026-01-06 12:12:55
2007,Lampe Cuisine,0.0,241.9,0.0,0.0,2026-01-06 11:12:35,2026-01-06 12:12:55
2008,Lampe Chambre,0.0,243.1,0.0,0.0,2026-01-06 11:12:35,2026-01-06 12:12:55
2001,TV Salle à manger,0.006,244.0,0.0,0.0,2026-01-06 12:12:55,2026-01-06 13:13:17
2002,Four Cuisine,0.0,243.0,0.0,0.0,2026-01-06 12:12:55,2026-01-06 13:13:17
2003,Machine à Laver Cuisine,0.0,243.8,0.0,0.0,2026-01-06 12:12:55,2026-01-06 13:13:17
2004,Frigo Cuisine,0.193,243.3,41.7,41.65,2026-01-06 12:12:55,2026-01-06 13:13:17
2005,Lampe Salle à manger,0.0,243.0,0.0,0.0,2026-01-06 12:12:55,2026-01-06 13:13:17
2006,Chargeurs Salle à manger,0.0,243.2,0.0,0.0,2026-01-06 12:12:55,2026-01-06 13:13:17
2007,Lampe Cuisine,0.0,242.8,0.0,0.0,2026-01-06 12:12:55,2026-01-06 13:13:17
2008,Lampe Chambre,0.0,244.1,0.0,0.0,2026-01-06 12:12:55,2026-01-06 13:13:17
2001,TV Salle à manger,0.006,244.2,0.0,0.02,2026-01-06 13:13:17,2026-01-06 14:13:40
2002,Four Cuisine,0.0,243.3,0.0,0.0,2026-01-06 13:13:17,2026-01-06 14:13:40
2003,Machine à Laver Cuisine,0.0,244.1,0.0,0.0,2026-01-06 13:13:17,2026-01-06 14:13:40
2004,Frigo Cuisine,0.014,243.7,3.0,3.02,2026-01-06 13:13:17,2026-01-06 14:13:40
2005,Lampe Salle à manger,0.0,243.2,0.0,0.0,2026-01-06 13:13:17,2026-01-06 14:13:40
2006,Chargeurs Salle à manger,0.0,243.4,0.0,0.0,2026-01-06 13:13:17,2026-01-06 14:13:40
2007,Lampe Cuisine,0.0,243.1,0.0,0.0,2026-01-06 13:13:17,2026-01-06 14:13:40
2008,Lampe Chambre,0.0,244.4,0.0,0.0,2026-01-06 13:13:17,2026-01-06 14:13:40
2001,TV Salle à manger,0.007,243.3,0.0,0.0,2026-01-06 14:13:40,2026-01-06 15:14:03
2002,Four Cuisine,0.0,242.3,0.0,0.0,2026-01-06 14:13:40,2026-01-06 15:14:03
2003,Machine à Laver Cuisine,0.0,243.2,0.0,0.0,2026-01-06 14:13:40,2026-01-06 15:14:03
2004,Frigo Cuisine,0.235,242.6,51.2,51.16,2026-01-06 14:13:40,2026-01-06 15:14:03
2005,Lampe Salle à manger,0.0,242.3,0.0,0.0,2026-01-06 14:13:40,2026-01-06 15:14:03
2006,Chargeurs Salle à manger,0.0,242.5,0.0,0.0,2026-01-06 14:13:40,2026-01-06 15:14:03
2007,Lampe Cuisine,0.0,242.2,0.0,0.0,2026-01-06 14:13:40,2026-01-06 15:14:03
2008,Lampe Chambre,0.0,243.5,0.0,0.0,2026-01-06 14:13:40,2026-01-06 15:14:03
2001,TV Salle à manger,0.006,243.7,0.0,0.02,2026-01-06 15:14:03,2026-01-06 16:14:22
2002,Four Cuisine,0.0,242.7,0.0,0.0,2026-01-06 15:14:03,2026-01-06 16:14:22
2003,Machine à Laver Cuisine,0.0,243.6,0.0,0.0,2026-01-06 15:14:03,2026-01-06 16:14:22
2004,Frigo Cuisine,0.071,243.1,15.5,15.54,2026-01-06 15:14:03,2026-01-06 16:14:22
2005,Lampe Salle à manger,0.0,242.7,0.0,0.0,2026-01-06 15:14:03,2026-01-06 16:14:22
2006,Chargeurs Salle à manger,0.0,242.9,0.0,0.0,2026-01-06 15:14:03,2026-01-06 16:14:22
2007,Lampe Cuisine,0.006,242.6,0.9,0.88,2026-01-06 15:14:03,2026-01-06 16:14:22
2008,Lampe Chambre,0.0,243.8,0.0,0.0,2026-01-06 15:14:03,2026-01-06 16:14:22
2001,TV Salle à manger,0.006,242.6,0.0,0.0,2026-01-06 16:14:22,2026-01-06 17:14:41
2002,Four Cuisine,0.0,241.5,0.0,0.0,2026-01-06 16:14:22,2026-01-06 17:14:41
2003,Machine à Laver Cuisine,0.0,242.4,0.0,0.0,2026-01-06 16:14:22,2026-01-06 17:14:41
2004,Frigo Cuisine,0.235,241.8,51.1,51.11,2026-01-06 16:14:22,2026-01-06 17:14:41
2005,Lampe Salle à manger,0.006,241.5,1.4,1.36,2026-01-06 16:14:22,2026-01-06 17:14:41
2006,Chargeurs Salle à manger,0.0,241.8,0.0,0.0,2026-01-06 16:14:22,2026-01-06 17:14:41
2007,Lampe Cuisine,0.037,241.4,5.3,5.29,2026-01-06 16:14:22,2026-01-06 17:14:41
2008,Lampe Chambre,0.0,242.7,0.0,0.0,2026-01-06 16:14:22,2026-01-06 17:14:41
2001,TV Salle à manger,0.006,241.9,0.0,0.04,2026-01-06 17:14:41,2026-01-06 18:15:02
2002,Four Cuisine,0.0,241.0,0.0,0.0,2026-01-06 17:14:41,2026-01-06 18:15:02
2003,Machine à Laver Cuisine,0.0,241.8,0.0,0.0,2026-01-06 17:14:41,2026-01-06 18:15:02
2004,Frigo Cuisine,0.0,241.4,0.0,0.0,2026-01-06 17:14:41,2026-01-06 18:15:02
2005,Lampe Salle à manger,0.05,240.9,11.4,11.37,2026-01-06 17:14:41,2026-01-06 18:15:02
2006,Chargeurs Salle à manger,0.0,241.1,0.0,0.0,2026-01-06 17:14:41,2026-01-06 18:15:02
2007,Lampe Cuisine,0.037,240.9,5.3,5.28,2026-01-06 17:14:41,2026-01-06 18:15:02
2008,Lampe Chambre,0.0,242.1,0.0,0.0,2026-01-06 17:14:41,2026-01-06 18:15:02
2001,TV Salle à manger,0.005,241.1,0.0,0.0,2026-01-06 18:15:02,2026-01-06 19:15:26
2002,Four Cuisine,0.0,240.1,0.0,0.0,2026-01-06 18:15:02,2026-01-06 19:15:26
2003,Machine à Laver Cuisine,0.0,241.0,0.0,0.0,2026-01-06 18:15:02,2026-01-06 19:15:26
2004,Frigo Cuisine,0.216,240.4,47.0,47.04,2026-01-06 18:15:02,2026-01-06 19:15:26
2005,Lampe Salle à manger,0.051,240.1,11.4,11.36,2026-01-06 18:15:02,2026-01-06 19:15:26
2006,Chargeurs Salle à manger,0.0,240.3,0.0,0.0,2026-01-06 18:15:02,2026-01-06 19:15:26
2007,Lampe Cuisine,0.037,240.0,5.3,5.26,2026-01-06 18:15:02,2026-01-06 19:15:26
2008,Lampe Chambre,0.0,241.3,0.0,0.0,2026-01-06 18:15:02,2026-01-06 19:15:26
2001,TV Salle à manger,0.007,242.7,0.0,0.0,2026-01-06 19:15:26,2026-01-06 20:15:51
2002,Four Cuisine,0.0,241.7,0.0,0.0,2026-01-06 19:15:26,2026-01-06 20:15:51
2003,Machine à Laver Cuisine,0.0,242.5,0.0,0.0,2026-01-06 19:15:26,2026-01-06 20:15:51
2004,Frigo Cuisine,0.129,242.0,26.1,26.14,2026-01-06 19:15:26,2026-01-06 20:15:51
2005,Lampe Salle à manger,0.05,241.6,11.4,11.37,2026-01-06 19:15:26,2026-01-06 20:15:51
2006,Chargeurs Salle à manger,0.0,241.9,0.0,0.0,2026-01-06 19:15:26,2026-01-06 20:15:51
2007,Lampe Cuisine,0.037,241.6,5.3,5.3,2026-01-06 19:15:26,2026-01-06 20:15:51
2008,Lampe Chambre,0.0,242.8,0.0,0.0,2026-01-06 19:15:26,2026-01-06 20:15:51
2001,TV Salle à manger,0.245,242.8,54.1,54.1,2026-01-06 20:15:51,2026-01-06 21:26:59
2002,Four Cuisine,0.0,241.9,0.0,0.0,2026-01-06 20:15:51,2026-01-06 21:26:59
2003,Machine à Laver Cuisine,0.0,242.9,0.0,0.0,2026-01-06 20:15:51,2026-01-06 21:26:59
2004,Frigo Cuisine,0.379,242.2,82.9,23.48,2026-01-06 20:15:51,2026-01-06 21:26:59
2005,Lampe Salle à manger,0.05,241.8,11.3,11.33,2026-01-06 20:15:51,2026-01-06 21:26:59
2006,Chargeurs Salle à manger,0.0,242.2,0.0,0.0,2026-01-06 20:15:51,2026-01-06 21:26:59
2007,Lampe Cuisine,0.014,241.8,2.1,2.03,2026-01-06 20:15:51,2026-01-06 21:26:59
2008,Lampe Chambre,0.0,243.2,0.0,0.0,2026-01-06 20:15:51,2026-01-06 21:26:59
2001,TV Salle à manger,0.704,244.0,159.4,159.4,2026-01-06 21:26:59,2026-01-06 22:42:28
2005,Lampe Salle à manger,0.05,243.0,11.3,11.3,2026-01-06 21:26:59,2026-01-06 22:42:28
2007,Lampe Cuisine,0.037,243.1,5.4,5.34,2026-01-06 21:26:59,2026-01-06 22:42:28
2001,TV Salle à manger,0.696,244.0,157.5,157.46,2026-01-06 22:42:28,2026-01-06 23:57:57
2005,Lampe Salle à manger,0.05,242.9,11.3,11.3,2026-01-06 22:42:28,2026-01-06 23:57:57
2007,Lampe Cuisine,0.037,243.0,5.3,5.33,2026-01-06 22:42:28,2026-01-06 23:57:57
2001,TV Salle à manger,0.553,245.6,125.6,125.63,2026-01-06 23:57:57,2026-01-07 01:13:29
2005,Lampe Salle à manger,0.05,244.6,11.3,11.31,2026-01-06 23:57:57,2026-01-07 01:13:29
2007,Lampe Cuisine,0.036,244.7,5.4,5.36,2026-01-06 23:57:57,2026-01-07 01:13:29
2001,TV Salle à manger,0.005,244.6,0.0,0.02,2026-01-07 01:13:29,2026-01-07 02:28:59
2005,Lampe Salle à manger,0.002,243.6,0.4,0.38,2026-01-07 01:13:29,2026-01-07 02:28:59
2007,Lampe Cuisine,0.001,243.7,0.1,0.09,2026-01-07 01:13:29,2026-01-07 02:28:59
2001,TV Salle à manger,0.007,245.1,0.0,0.0,2026-01-07 02:28:59,2026-01-07 03:44:28
2005,Lampe Salle à manger,0.0,244.1,0.0,0.0,2026-01-07 02:28:59,2026-01-07 03:44:28
2007,Lampe Cuisine,0.0,244.2,0.0,0.0,2026-01-07 02:28:59,2026-01-07 03:44:28
2001,TV Salle à manger,0.006,244.8,0.0,0.03,2026-01-07 03:44:28,2026-01-07 04:59:57
2005,Lampe Salle à manger,0.0,243.7,0.0,0.0,2026-01-07 03:44:28,2026-01-07 04:59:57
2007,Lampe Cuisine,0.0,243.8,0.0,0.0,2026-01-07 03:44:28,2026-01-07 04:59:57
2001,TV Salle à manger,0.006,244.2,0.0,0.02,2026-01-07 04:59:57,2026-01-07 06:15:27
2005,Lampe Salle à manger,0.0,243.2,0.0,0.0,2026-01-07 04:59:57,2026-01-07 06:15:27
2007,Lampe Cuisine,0.0,243.3,0.0,0.0,2026-01-07 04:59:57,2026-01-07 06:15:27
2001,TV Salle à manger,0.005,244.8,0.0,0.0,2026-01-07 06:15:27,2026-01-07 07:30:56
2005,Lampe Salle à manger,0.0,243.6,0.0,0.0,2026-01-07 06:15:27,2026-01-07 07:30:56
2007,Lampe Cuisine,0.0,243.8,0.0,0.0,2026-01-07 06:15:27,2026-01-07 07:30:56
2001,TV Salle à manger,0.005,243.6,0.0,0.0,2026-01-07 07:30:56,2026-01-07 08:46:25
2005,Lampe Salle à manger,0.0,242.6,0.0,0.0,2026-01-07 07:30:56,2026-01-07 08:46:25
2007,Lampe Cuisine,0.0,242.7,0.0,0.0,2026-01-07 07:30:56,2026-01-07 08:46:25
2001,TV Salle à manger,0.006,241.8,0.0,0.0,2026-01-07 08:46:25,2026-01-07 10:01:57
2005,Lampe Salle à manger,0.0,240.7,0.0,0.0,2026-01-07 08:46:25,2026-01-07 10:01:57
2007,Lampe Cuisine,0.013,240.9,1.8,1.84,2026-01-07 08:46:25,2026-01-07 10:01:57
2001,TV Salle à manger,0.007,240.6,0.0,0.0,2026-01-07 10:01:57,2026-01-07 11:17:28
2005,Lampe Salle à manger,0.0,239.6,0.0,0.0,2026-01-07 10:01:57,2026-01-07 11:17:28
2007,Lampe Cuisine,0.035,239.6,5.0,4.98,2026-01-07 10:01:57,2026-01-07 11:17:28
2001,TV Salle à manger,0.008,242.0,0.0,0.05,2026-01-07 11:17:28,2026-01-07 12:32:56
2005,Lampe Salle à manger,0.0,241.0,0.0,0.0,2026-01-07 11:17:28,2026-01-07 12:32:56
2007,Lampe Cuisine,0.006,241.1,0.9,0.88,2026-01-07 11:17:28,2026-01-07 12:32:56
2001,TV Salle à manger,0.001,236.1,0.0,0.0,2026-01-07 12:32:56,2026-01-07 13:48:35
2005,Lampe Salle à manger,0.0,235.0,0.0,0.0,2026-01-07 12:32:56,2026-01-07 13:48:35
2007,Lampe Cuisine,0.037,235.0,5.0,4.89,2026-01-07 12:32:56,2026-01-07 13:48:35
2001,TV Salle à manger,0.416,232.5,89.6,89.57,2026-01-07 13:48:35,2026-01-07 15:04:02
2005,Lampe Salle à manger,0.0,231.5,0.0,0.0,2026-01-07 13:48:35,2026-01-07 15:04:02
2007,Lampe Cuisine,0.009,231.6,1.2,1.18,2026-01-07 13:48:35,2026-01-07 15:04:02
2001,TV Salle à manger,0.006,232.7,0.0,0.0,2026-01-07 15:04:02,2026-01-07 16:19:31
2005,Lampe Salle à manger,0.0,231.7,0.0,0.0,2026-01-07 15:04:02,2026-01-07 16:19:31
2007,Lampe Cuisine,0.008,231.7,1.0,1.02,2026-01-07 15:04:02,2026-01-07 16:19:31
2001,TV Salle à manger,0.005,232.7,0.0,0.0,2026-01-07 16:19:31,2026-01-07 17:34:59
2005,Lampe Salle à manger,0.0,231.7,0.0,0.0,2026-01-07 16:19:31,2026-01-07 17:34:59
2007,Lampe Cuisine,0.039,231.7,5.1,5.1,2026-01-07 16:19:31,2026-01-07 17:34:59
2001,TV Salle à manger,0.007,232.7,0.0,0.0,2026-01-07 17:34:59,2026-01-07 18:50:27
2005,Lampe Salle à manger,0.0,231.7,0.0,0.0,2026-01-07 17:34:59,2026-01-07 18:50:27
2007,Lampe Cuisine,0.039,231.7,5.1,5.09,2026-01-07 17:34:59,2026-01-07 18:50:27
2001,TV Salle à manger,0.005,232.7,0.0,0.0,2026-01-07 18:50:27,2026-01-07 20:05:55
2005,Lampe Salle à manger,0.0,231.7,0.0,0.0,2026-01-07 18:50:27,2026-01-07 20:05:55
2007,Lampe Cuisine,0.039,231.7,5.1,5.09,2026-01-07 18:50:27,2026-01-07 20:05:55
2001,TV Salle à manger,0.007,232.7,0.0,0.02,2026-01-07 20:05:55,2026-01-07 21:21:23
2005,Lampe Salle à manger,0.0,231.7,0.0,0.0,2026-01-07 20:05:55,2026-01-07 21:21:23
2007,Lampe Cuisine,0.039,231.8,5.1,5.08,2026-01-07 20:05:55,2026-01-07 21:21:23
2001,TV Salle à manger,0.004,232.7,0.0,0.02,2026-01-07 21:21:23,2026-01-07 22:36:53
2005,Lampe Salle à manger,0.0,231.7,0.0,0.0,2026-01-07 21:21:23,2026-01-07 22:36:53
2007,Lampe Cuisine,0.039,231.8,5.1,5.1,2026-01-07 21:21:23,2026-01-07 22:36:53
2001,TV Salle à manger,0.005,232.7,0.0,0.0,2026-01-07 22:36:53,2026-01-07 23:52:21
2005,Lampe Salle à manger,0.0,231.7,0.0,0.0,2026-01-07 22:36:53,2026-01-07 23:52:21
2007,Lampe Cuisine,0.039,231.7,5.1,5.1,2026-01-07 22:36:53,2026-01-07 23:52:21
2001,TV Salle à manger,0.006,232.7,0.0,0.02,2026-01-07 23:52:21,2026-01-08 01:07:50
2005,Lampe Salle à manger,0.0,231.7,0.0,0.0,2026-01-07 23:52:21,2026-01-08 01:07:50
2007,Lampe Cuisine,0.008,231.7,1.1,1.1,2026-01-07 23:52:21,2026-01-08 01:07:50
2001,TV Salle à manger,0.009,232.7,0.1,0.07,2026-01-08 01:07:50,2026-01-08 02:23:18
2005,Lampe Salle à manger,0.0,231.6,0.0,0.0,2026-01-08 01:07:50,2026-01-08 02:23:18
2007,Lampe Cuisine,0.0,231.7,0.0,0.0,2026-01-08 01:07:50,2026-01-08 02:23:18
2001,TV Salle à manger,0.007,232.6,0.0,0.0,2026-01-08 02:23:18,2026-01-08 03:46:20
2005,Lampe Salle à manger,0.0,231.6,0.0,0.0,2026-01-08 02:23:18,2026-01-08 03:46:20
2007,Lampe Cuisine,0.0,231.7,0.0,0.0,2026-01-08 02:23:18,2026-01-08 03:46:20
2001,TV Salle à manger,0.04,244.4,4.6,3.31,2026-01-10 23:21:55,2026-01-11 00:44:19
2001,TV Salle à manger,0.044,244.3,5.3,5.26,2026-01-11 00:44:19,2026-01-11 02:05:51
2001,TV Salle à manger,0.044,243.9,5.2,5.18,2026-01-11 02:05:51,2026-01-11 03:27:26
2001,TV Salle à manger,0.037,245.1,4.3,4.29,2026-01-11 03:27:26,2026-01-11 04:49:00
2001,TV Salle à manger,0.004,244.4,0.4,0.41,2026-01-11 04:49:00,2026-01-11 06:10:35
2001,TV Salle à manger,0.0,244.4,0.0,0.03,2026-01-11 06:10:35,2026-01-11 07:32:10
2001,TV Salle à manger,0.0,244.1,0.0,0.04,2026-01-11 07:32:10,2026-01-11 08:53:45
2001,TV Salle à manger,0.0,242.2,0.0,0.0,2026-01-11 08:53:45,2026-01-11 10:15:21
2001,TV Salle à manger,0.0,243.0,0.0,0.0,2026-01-11 10:15:21,2026-01-11 11:36:56
2001,TV Salle à manger,0.0,241.9,0.0,0.0,2026-01-11 11:36:56,2026-01-11 12:58:32
2001,TV Salle à manger,0.054,242.6,7.2,7.17,2026-01-11 12:58:32,2026-01-11 14:20:07
2001,TV Salle à manger,0.079,239.1,10.3,10.3,2026-01-11 14:20:07,2026-01-11 15:41:41
2001,TV Salle à manger,0.0,232.0,0.0,0.0,2026-01-11 15:41:41,2026-01-11 17:03:14
2001,TV Salle à manger,0.0,231.9,0.0,0.0,2026-01-11 17:03:14,2026-01-11 18:24:48
2001,TV Salle à manger,0.015,231.9,1.3,1.31,2026-01-11 18:24:48,2026-01-11 19:46:24
2001,TV Salle à manger,0.012,231.8,0.9,0.93,2026-01-11 19:46:24,2026-01-11 21:07:57
2001,TV Salle à manger,0.015,232.0,1.3,1.33,2026-01-11 21:07:57,2026-01-11 22:29:31
2001,TV Salle à manger,0.015,232.0,1.3,1.33,2026-01-11 22:29:31,2026-01-11 23:51:07
2001,TV Salle à manger,0.015,232.0,1.3,1.33,2026-01-11 23:51:07,2026-01-12 01:12:41
2001,TV Salle à manger,0.001,232.0,0.1,0.06,2026-01-12 01:12:41,2026-01-12 02:34:15
2001,TV Salle à manger,0.0,232.0,0.0,0.0,2026-01-12 02:34:15,2026-01-12 03:55:51
2001,TV Salle à manger,0.0,232.0,0.0,0.0,2026-01-12 03:55:51,2026-01-12 05:17:29
2001,TV Salle à manger,0.0,232.0,0.0,0.0,2026-01-12 05:17:29,2026-01-12 06:39:05
2001,TV Salle à manger,0.0,232.0,0.0,0.0,2026-01-12 06:39:05,2026-01-12 08:00:41
2001,TV Salle à manger,0.0,232.0,0.0,0.0,2026-01-12 08:00:41,2026-01-12 09:22:17
2001,TV Salle à manger,0.0,232.0,0.0,0.0,2026-01-12 09:22:17,2026-01-12 10:43:54
2001,TV Salle à manger,0.0,232.0,0.0,0.0,2026-01-12 10:43:54,2026-01-12 12:05:32
2001,TV Salle à manger,0.0,232.0,0.0,0.0,2026-01-12 12:05:32,2026-01-12 13:27:07
