timestamp,device_id,device_name,current_a,voltage_v,power_w,energy_minute_wh
2026-01-12 15:10:28,2001,TV Salle à manger,0.019,232.9,0.0,0.0
2026-01-12 15:10:28,2002,Ecran,0.179,232.4,21.3,0.355
2026-01-12 15:10:28,2003,Telephone / Tablette,0.0,232.1,0.0,0.0
2026-01-12 15:10:28,2004,Cafetiere,0.0,232.1,0.0,0.0
2026-01-12 15:10:28,2005,Lampe Salle à manger,,,,
2026-01-12 15:10:28,2006,PC Portable,0.0,232.8,0.0,0.0
2026-01-12 15:10:28,2007,Lampe Cuisine,0.0,232.0,0.0,0.0
2026-01-12 15:10:28,2008,Lampe Chambre,0.0,233.2,0.0,0.0
2026-01-12 15:11:32,2001,TV Salle à manger,0.031,232.9,1.0,0.017
2026-01-12 15:11:32,2002,Ecran,0.18,232.4,21.3,0.355
2026-01-12 15:11:32,2003,Telephone / Tablette,0.0,232.1,0.0,0.0
2026-01-12 15:11:32,2004,Cafetiere,0.0,232.1,0.0,0.0
2026-01-12 15:11:32,2005,Lampe Salle à manger,,,,
2026-01-12 15:11:32,2006,PC Portable,0.0,232.7,0.0,0.0
2026-01-12 15:11:32,2007,Lampe Cuisine,0.0,232.0,0.0,0.0
2026-01-12 15:11:32,2008,Lampe Chambre,0.0,233.2,0.0,0.0
2026-01-12 15:12:35,2001,TV Salle à manger,0.0,232.9,0.0,0.0
2026-01-12 15:12:35,2002,Ecran,0.18,232.4,21.3,0.355
2026-01-12 15:12:35,2003,Telephone / Tablette,0.0,232.1,0.0,0.0
2026-01-12 15:12:35,2004,Cafetiere,0.0,232.1,0.0,0.0
2026-01-12 15:12:35,2005,Lampe Salle à manger,,,,
2026-01-12 15:12:35,2006,PC Portable,0.0,232.8,0.0,0.0
2026-01-12 15:12:35,2007,Lampe Cuisine,0.0,232.0,0.0,0.0
2026-01-12 15:12:35,2008,Lampe Chambre,0.0,233.2,0.0,0.0
2026-01-12 15:13:39,2001,TV Salle à manger,0.02,232.9,0.0,0.0
2026-01-12 15:13:39,2002,Ecran,0.18,232.4,21.3,0.355
2026-01-12 15:13:39,2003,Telephone / Tablette,0.0,232.1,0.0,0.0
2026-01-12 15:13:39,2004,Cafetiere,0.0,232.1,0.0,0.0
2026-01-12 15:13:39,2005,Lampe Salle à manger,,,,
2026-01-12 15:13:39,2006,PC Portable,0.0,232.7,0.0,0.0
2026-01-12 15:13:39,2007,Lampe Cuisine,0.0,232.0,0.0,0.0
2026-01-12 15:13:39,2008,Lampe Chambre,0.0,233.2,0.0,0.0
2026-01-12 15:14:42,2001,TV Salle à manger,0.025,232.9,0.0,0.0
2026-01-12 15:14:42,2002,Ecran,0.18,232.4,21.4,0.357
2026-01-12 15:14:42,2003,Telephone / Tablette,0.0,232.0,0.0,0.0
2026-01-12 15:14:42,2004,Cafetiere,0.0,232.1,0.0,0.0
2026-01-12 15:14:42,2005,Lampe Salle à manger,,,,
2026-01-12 15:14:42,2006,PC Portable,0.0,232.7,0.0,0.0
2026-01-12 15:14:42,2007,Lampe Cuisine,0.0,232.0,0.0,0.0
2026-01-12 15:14:42,2008,Lampe Chambre,0.0,233.2,0.0,0.0
2026-01-12 15:15:45,2001,TV Salle à manger,0.0,232.9,0.0,0.0
2026-01-12 15:15:45,2002,Ecran,0.18,232.4,21.3,0.355
2026-01-12 15:15:45,2003,Telephone / Tablette,0.0,232.1,0.0,0.0
2026-01-12 15:15:45,2004,Cafetiere,0.0,232.1,0.0,0.0
2026-01-12 15:15:45,2005,Lampe Salle à manger,,,,
2026-01-12 15:15:45,2006,PC Portable,0.0,232.7,0.0,0.0
2026-01-12 15:15:45,2007,Lampe Cuisine,0.0,232.0,0.0,0.0
2026-01-12 15:15:45,2008,Lampe Chambre,0.0,233.2,0.0,0.0
2026-01-12 15:16:49,2001,TV Salle à manger,0.027,232.9,0.0,0.0
2026-01-12 15:16:49,2002,Ecran,0.18,232.4,21.3,0.355
2026-01-12 15:16:49,2003,Telephone / Tablette,0.0,232.0,0.0,0.0
2026-01-12 15:16:49,2004,Cafetiere,0.0,232.1,0.0,0.0
2026-01-12 15:16:49,2005,Lampe Salle à manger,,,,
2026-01-12 15:16:49,2006,PC Portable,0.0,232.7,0.0,0.0
2026-01-12 15:16:49,2007,Lampe Cuisine,0.037,232.0,5.0,0.083
2026-01-12 15:16:49,2008,Lampe Chambre,0.036,233.1,5.1,0.085
2026-01-12 15:17:52,2001,TV Salle à manger,0.738,232.0,160.0,2.667
2026-01-12 15:17:52,2002,Ecran,0.201,231.7,21.3,0.355
2026-01-12 15:17:52,2003,Telephone / Tablette,0.017,231.7,1.4,0.023
2026-01-12 15:17:52,2004,Cafetiere,6.599,228.0,1502.2,25.037
2026-01-12 15:17:52,2005,Lampe Salle à manger,,,,
2026-01-12 15:17:52,2006,PC Portable,0.0,232.0,0.0,0.0
2026-01-12 15:17:52,2007,Lampe Cuisine,0.038,228.1,5.0,0.083
2026-01-12 15:17:52,2008,Lampe Chambre,0.038,232.4,5.1,0.085
2026-01-12 15:18:56,2001,TV Salle à manger,0.735,232.7,159.7,2.662
2026-01-12 15:18:56,2002,Ecran,0.199,232.3,21.3,0.355
2026-01-12 15:18:56,2003,Telephone / Tablette,0.017,231.9,1.4,0.023
2026-01-12 15:18:56,2004,Cafetiere,0.0,232.0,0.0,0.0
2026-01-12 15:18:56,2005,Lampe Salle à manger,,,,
2026-01-12 15:18:56,2006,PC Portable,0.0,232.6,0.0,0.0
2026-01-12 15:18:56,2007,Lampe Cuisine,0.039,231.9,5.1,0.085
2026-01-12 15:18:56,2008,Lampe Chambre,0.038,233.1,5.1,0.085
2026-01-12 15:19:59,2001,TV Salle à manger,0.732,232.7,159.1,2.652
2026-01-12 15:19:59,2002,Ecran,0.198,232.3,21.2,0.353
2026-01-12 15:19:59,2003,Telephone / Tablette,0.017,231.9,1.4,0.023
2026-01-12 15:19:59,2004,Cafetiere,0.0,232.0,0.0,0.0
2026-01-12 15:19:59,2005,Lampe Salle à manger,,,,
2026-01-12 15:19:59,2006,PC Portable,0.0,232.6,0.0,0.0
2026-01-12 15:19:59,2007,Lampe Cuisine,0.039,231.9,5.0,0.083
2026-01-12 15:19:59,2008,Lampe Chambre,0.038,233.0,5.1,0.085
2026-01-12 15:21:02,2001,TV Salle à manger,0.732,232.7,159.0,2.65
2026-01-12 15:21:02,2002,Ecran,0.198,232.3,21.2,0.353
2026-01-12 15:21:02,2003,Telephone / Tablette,0.017,231.9,1.3,0.022
2026-01-12 15:21:02,2004,Cafetiere,0.0,232.0,0.0,0.0
2026-01-12 15:21:02,2005,Lampe Salle à manger,,,,
2026-01-12 15:21:02,2006,PC Portable,0.0,232.6,0.0,0.0
2026-01-12 15:21:02,2007,Lampe Cuisine,0.039,231.9,5.1,0.085
2026-01-12 15:21:02,2008,Lampe Chambre,0.038,233.0,5.1,0.085
2026-01-12 15:22:06,2001,TV Salle à manger,0.733,232.7,159.3,2.655
2026-01-12 15:22:06,2002,Ecran,0.199,232.3,21.3,0.355
2026-01-12 15:22:06,2003,Telephone / Tablette,0.017,231.9,1.3,0.022
2026-01-12 15:22:06,2004,Cafetiere,0.0,232.0,0.0,0.0
2026-01-12 15:22:06,2005,Lampe Salle à manger,,,,
2026-01-12 15:22:06,2006,PC Portable,0.0,232.7,0.0,0.0
2026-01-12 15:22:06,2007,Lampe Cuisine,0.039,231.9,5.1,0.085
2026-01-12 15:22:06,2008,Lampe Chambre,0.038,233.1,5.0,0.083
2026-01-12 15:23:09,2001,TV Salle à manger,0.732,232.7,159.1,2.652
2026-01-12 15:23:09,2002,Ecran,0.199,232.3,21.3,0.355
2026-01-12 15:23:09,2003,Telephone / Tablette,0.017,231.9,1.3,0.022
2026-01-12 15:23:09,2004,Cafetiere,0.0,232.0,0.0,0.0
2026-01-12 15:23:09,2005,Lampe Salle à manger,,,,
2026-01-12 15:23:09,2006,PC Portable,0.0,232.6,0.0,0.0
2026-01-12 15:23:09,2007,Lampe Cuisine,0.039,231.9,5.1,0.085
2026-01-12 15:23:09,2008,Lampe Chambre,0.038,233.0,5.1,0.085
2026-01-12 15:24:12,2001,TV Salle à manger,0.731,232.7,158.7,2.645
2026-01-12 15:24:12,2002,Ecran,0.2,232.3,21.3,0.355
2026-01-12 15:24:12,2003,Telephone / Tablette,0.017,231.9,1.3,0.022
2026-01-12 15:24:12,2004,Cafetiere,1.147,231.8,51.5,0.858
2026-01-12 15:24:12,2005,Lampe Salle à manger,,,,
2026-01-12 15:24:12,2006,PC Portable,0.0,232.6,0.0,0.0
2026-01-12 15:24:12,2007,Lampe Cuisine,0.039,231.8,5.1,0.085
2026-01-12 15:24:12,2008,Lampe Chambre,0.038,233.0,5.1,0.085
2026-01-12 15:25:16,2001,TV Salle à manger,0.73,232.7,158.6,2.643
2026-01-12 15:25:16,2002,Ecran,0.199,232.3,21.3,0.355
2026-01-12 15:25:16,2003,Telephone / Tablette,0.016,231.9,1.2,0.02
2026-01-12 15:25:16,2004,Cafetiere,0.0,231.9,0.0,0.0
2026-01-12 15:25:16,2005,Lampe Salle à manger,,,,
2026-01-12 15:25:16,2006,PC Portable,0.0,232.6,0.0,0.0
2026-01-12 15:25:16,2007,Lampe Cuisine,0.039,231.9,5.2,0.087
2026-01-12 15:25:16,2008,Lampe Chambre,0.038,233.1,5.2,0.087
2026-01-12 15:26:19,2001,TV Salle à manger,0.731,232.7,158.8,2.647
2026-01-12 15:26:19,2002,Ecran,0.201,232.3,21.3,0.355
2026-01-12 15:26:19,2003,Telephone / Tablette,0.017,231.9,1.3,0.022
2026-01-12 15:26:19,2004,Cafetiere,1.065,231.9,45.4,0.757
2026-01-12 15:26:19,2005,Lampe Salle à manger,,,,
2026-01-12 15:26:19,2006,PC Portable,0.0,232.7,0.0,0.0
2026-01-12 15:26:19,2007,Lampe Cuisine,0.039,231.8,5.1,0.085
2026-01-12 15:26:19,2008,Lampe Chambre,0.038,233.1,5.0,0.083
2026-01-12 15:27:22,2001,TV Salle à manger,0.737,232.7,160.1,2.668
2026-01-12 15:27:22,2002,Ecran,0.197,232.3,21.1,0.352
2026-01-12 15:27:22,2003,Telephone / Tablette,0.017,231.9,1.3,0.022
2026-01-12 15:27:22,2004,Cafetiere,0.0,232.0,0.0,0.0
2026-01-12 15:27:22,2005,Lampe Salle à manger,,,,
2026-01-12 15:27:22,2006,PC Portable,0.0,232.6,0.0,0.0
2026-01-12 15:27:22,2007,Lampe Cuisine,0.04,231.9,5.2,0.087
2026-01-12 15:27:22,2008,Lampe Chambre,0.038,233.1,5.1,0.085
2026-01-12 15:28:26,2001,TV Salle à manger,0.736,232.7,159.9,2.665
2026-01-12 15:28:26,2002,Ecran,0.201,232.3,21.2,0.353
2026-01-12 15:28:26,2003,Telephone / Tablette,0.017,232.0,1.3,0.022
2026-01-12 15:28:26,2004,Cafetiere,1.147,231.9,52.7,0.878
2026-01-12 15:28:26,2005,Lampe Salle à manger,,,,
2026-01-12 15:28:26,2006,PC Portable,0.0,232.7,0.0,0.0
2026-01-12 15:28:26,2007,Lampe Cuisine,0.039,231.8,5.1,0.085
2026-01-12 15:28:26,2008,Lampe Chambre,0.038,233.1,5.2,0.087
2026-01-12 15:29:29,2001,TV Salle à manger,0.738,232.7,160.3,2.672
2026-01-12 15:29:29,2002,Ecran,0.198,232.3,21.2,0.353
2026-01-12 15:29:29,2003,Telephone / Tablette,0.017,232.0,1.3,0.022
2026-01-12 15:29:29,2004,Cafetiere,0.0,232.0,0.0,0.0
2026-01-12 15:29:29,2005,Lampe Salle à manger,,,,
2026-01-12 15:29:29,2006,PC Portable,0.0,232.6,0.0,0.0
2026-01-12 15:29:29,2007,Lampe Cuisine,0.039,231.9,5.1,0.085
2026-01-12 15:29:29,2008,Lampe Chambre,0.038,233.1,5.1,0.085
2026-01-12 15:30:32,2001,TV Salle à manger,0.737,232.7,160.2,2.67
2026-01-12 15:30:32,2002,Ecran,0.198,232.3,21.3,0.355
2026-01-12 15:30:32,2003,Telephone / Tablette,0.017,232.0,1.3,0.022
2026-01-12 15:30:32,2004,Cafetiere,0.0,232.0,0.0,0.0
2026-01-12 15:30:32,2005,Lampe Salle à manger,,,,
2026-01-12 15:30:32,2006,PC Portable,0.0,232.7,0.0,0.0
2026-01-12 15:30:32,2007,Lampe Cuisine,0.04,231.9,5.1,0.085
2026-01-12 15:30:32,2008,Lampe Chambre,0.038,233.1,5.1,0.085
2026-01-12 15:31:36,2001,TV Salle à manger,0.734,232.7,159.4,2.657
2026-01-12 15:31:36,2002,Ecran,0.199,232.3,21.2,0.353
2026-01-12 15:31:36,2003,Telephone / Tablette,0.017,232.0,1.4,0.023
2026-01-12 15:31:36,2004,Cafetiere,0.0,232.0,0.0,0.0
2026-01-12 15:31:36,2005,Lampe Salle à manger,,,,
2026-01-12 15:31:36,2006,PC Portable,0.0,232.7,0.0,0.0
2026-01-12 15:31:36,2007,Lampe Cuisine,0.039,231.9,5.1,0.085
2026-01-12 15:31:36,2008,Lampe Chambre,0.038,233.1,5.1,0.085
2026-01-12 15:32:39,2001,TV Salle à manger,0.737,232.7,160.0,2.667
2026-01-12 15:32:39,2002,Ecran,0.199,232.3,21.2,0.353
2026-01-12 15:32:39,2003,Telephone / Tablette,0.017,232.0,1.3,0.022
2026-01-12 15:32:39,2004,Cafetiere,0.0,232.0,0.0,0.0
2026-01-12 15:32:39,2005,Lampe Salle à manger,,,,
2026-01-12 15:32:39,2006,PC Portable,0.0,232.7,0.0,0.0
2026-01-12 15:32:39,2007,Lampe Cuisine,0.039,231.9,5.1,0.085
2026-01-12 15:32:39,2008,Lampe Chambre,0.038,233.1,5.0,0.083
2026-01-12 15:33:42,2001,TV Salle à manger,0.736,232.7,159.9,2.665
2026-01-12 15:33:42,2002,Ecran,0.203,232.3,21.3,0.355
2026-01-12 15:33:42,2003,Telephone / Tablette,0.017,232.0,1.3,0.022
2026-01-12 15:33:42,2004,Cafetiere,1.091,231.9,46.8,0.78
2026-01-12 15:33:42,2005,Lampe Salle à manger,,,,
2026-01-12 15:33:42,2006,PC Portable,0.0,232.7,0.0,0.0
2026-01-12 15:33:42,2007,Lampe Cuisine,0.039,231.8,5.1,0.085
2026-01-12 15:33:42,2008,Lampe Chambre,0.038,233.1,5.1,0.085
2026-01-12 15:34:45,2001,TV Salle à manger,0.737,232.7,160.0,2.667
2026-01-12 15:34:45,2002,Ecran,0.198,232.3,21.2,0.353
2026-01-12 15:34:45,2003,Telephone / Tablette,0.017,232.0,1.3,0.022
2026-01-12 15:34:45,2004,Cafetiere,0.0,232.0,0.0,0.0
2026-01-12 15:34:45,2005,Lampe Salle à manger,,,,
2026-01-12 15:34:45,2006,PC Portable,0.0,232.7,0.0,0.0
2026-01-12 15:34:45,2007,Lampe Cuisine,0.039,231.9,5.1,0.085
2026-01-12 15:34:45,2008,Lampe Chambre,0.038,233.1,5.1,0.085
2026-01-12 15:35:49,2001,TV Salle à manger,0.735,232.7,159.5,2.658
2026-01-12 15:35:49,2002,Ecran,0.201,232.3,21.3,0.355
2026-01-12 15:35:49,2003,Telephone / Tablette,0.016,232.0,1.2,0.02
2026-01-12 15:35:49,2004,Cafetiere,1.115,231.9,50.2,0.837
2026-01-12 15:35:49,2005,Lampe Salle à manger,,,,
2026-01-12 15:35:49,2006,PC Portable,0.0,232.7,0.0,0.0
2026-01-12 15:35:49,2007,Lampe Cuisine,0.04,231.8,5.1,0.085
2026-01-12 15:35:49,2008,Lampe Chambre,0.038,233.1,5.1,0.085
2026-01-12 15:36:52,2001,TV Salle à manger,0.735,232.7,159.4,2.657
2026-01-12 15:36:52,2002,Ecran,0.199,232.3,21.3,0.355
2026-01-12 15:36:52,2003,Telephone / Tablette,0.017,232.0,1.3,0.022
2026-01-12 15:36:52,2004,Cafetiere,0.0,232.0,0.0,0.0
2026-01-12 15:36:52,2005,Lampe Salle à manger,,,,
2026-01-12 15:36:52,2006,PC Portable,0.0,232.7,0.0,0.0
2026-01-12 15:36:52,2007,Lampe Cuisine,0.039,231.9,5.1,0.085
2026-01-12 15:36:52,2008,Lampe Chambre,0.038,233.1,5.1,0.085
2026-01-12 15:37:55,2001,TV Salle à manger,0.735,232.7,159.5,2.658
2026-01-12 15:37:55,2002,Ecran,0.202,232.3,21.3,0.355
2026-01-12 15:37:55,2003,Telephone / Tablette,0.017,232.0,1.2,0.02
2026-01-12 15:37:55,2004,Cafetiere,1.183,231.9,54.9,0.915
2026-01-12 15:37:55,2005,Lampe Salle à manger,,,,
2026-01-12 15:37:55,2006,PC Portable,0.0,232.7,0.0,0.0
2026-01-12 15:37:55,2007,Lampe Cuisine,0.04,231.8,5.2,0.087
2026-01-12 15:37:55,2008,Lampe Chambre,0.038,233.1,5.1,0.085
2026-01-12 15:38:59,2001,TV Salle à manger,0.734,232.7,159.2,2.653
2026-01-12 15:38:59,2002,Ecran,0.199,232.3,21.2,0.353
2026-01-12 15:38:59,2003,Telephone / Tablette,0.017,232.0,1.3,0.022
2026-01-12 15:38:59,2004,Cafetiere,0.0,232.0,0.0,0.0
2026-01-12 15:38:59,2005,Lampe Salle à manger,,,,
2026-01-12 15:38:59,2006,PC Portable,0.0,232.7,0.0,0.0
2026-01-12 15:38:59,2007,Lampe Cuisine,0.039,231.9,5.1,0.085
2026-01-12 15:38:59,2008,Lampe Chambre,0.038,233.1,5.1,0.085
2026-01-12 15:40:02,2001,TV Salle à manger,0.738,232.7,160.1,2.668
2026-01-12 15:40:02,2002,Ecran,0.199,232.3,21.3,0.355
2026-01-12 15:40:02,2003,Telephone / Tablette,0.017,232.0,1.3,0.022
2026-01-12 15:40:02,2004,Cafetiere,0.0,232.0,0.0,0.0
2026-01-12 15:40:02,2005,Lampe Salle à manger,,,,
2026-01-12 15:40:02,2006,PC Portable,0.0,232.7,0.0,0.0
2026-01-12 15:40:02,2007,Lampe Cuisine,0.039,231.9,5.1,0.085
2026-01-12 15:40:02,2008,Lampe Chambre,0.038,233.1,5.1,0.085
2026-01-12 15:41:05,2001,TV Salle à manger,0.734,232.7,159.3,2.655
2026-01-12 15:41:05,2002,Ecran,0.2,232.3,21.3,0.355
2026-01-12 15:41:05,2003,Telephone / Tablette,0.017,232.0,1.4,0.023
2026-01-12 15:41:05,2004,Cafetiere,1.099,231.9,48.9,0.815
2026-01-12 15:41:05,2005,Lampe Salle à manger,,,,
2026-01-12 15:41:05,2006,PC Portable,0.0,232.7,0.0,0.0
2026-01-12 15:41:05,2007,Lampe Cuisine,0.039,231.9,5.1,0.085
2026-01-12 15:41:05,2008,Lampe Chambre,0.038,233.1,5.1,0.085
2026-01-12 15:42:09,2001,TV Salle à manger,0.737,232.7,160.0,2.667
2026-01-12 15:42:09,2002,Ecran,0.199,232.3,21.3,0.355
2026-01-12 15:42:09,2003,Telephone / Tablette,0.017,232.0,1.3,0.022
2026-01-12 15:42:09,2004,Cafetiere,0.0,232.0,0.0,0.0
2026-01-12 15:42:09,2005,Lampe Salle à manger,,,,
2026-01-12 15:42:09,2006,PC Portable,0.0,232.7,0.0,0.0
2026-01-12 15:42:09,2007,Lampe Cuisine,0.039,231.9,5.1,0.085
2026-01-12 15:42:09,2008,Lampe Chambre,0.038,233.1,5.1,0.085
2026-01-12 15:43:12,2001,TV Salle à manger,0.736,232.1,159.4,2.657
2026-01-12 15:43:12,2002,Ecran,0.2,231.7,21.3,0.355
2026-01-12 15:43:12,2003,Telephone / Tablette,0.017,231.4,1.3,0.022
2026-01-12 15:43:12,2004,Cafetiere,6.26,228.3,1429.3,23.822
2026-01-12 15:43:12,2005,Lampe Salle à manger,,,,
2026-01-12 15:43:12,2006,PC Portable,0.0,232.1,0.0,0.0
2026-01-12 15:43:12,2007,Lampe Cuisine,0.039,228.2,5.0,0.083
2026-01-12 15:43:12,2008,Lampe Chambre,0.038,232.5,5.2,0.087
2026-01-12 15:44:15,2001,TV Salle à manger,0.735,232.7,159.6,2.66
2026-01-12 15:44:15,2002,Ecran,0.199,232.4,21.3,0.355
2026-01-12 15:44:15,2003,Telephone / Tablette,0.017,232.0,1.3,0.022
2026-01-12 15:44:15,2004,Cafetiere,0.0,232.0,0.0,0.0
2026-01-12 15:44:15,2005,Lampe Salle à manger,,,,
2026-01-12 15:44:15,2006,PC Portable,0.0,232.7,0.0,0.0
2026-01-12 15:44:15,2007,Lampe Cuisine,0.039,231.9,5.1,0.085
2026-01-12 15:44:15,2008,Lampe Chambre,0.038,233.1,5.1,0.085
2026-01-12 15:45:19,2001,TV Salle à manger,0.737,232.8,160.1,2.668
2026-01-12 15:45:19,2002,Ecran,0.199,232.3,21.3,0.355
2026-01-12 15:45:19,2003,Telephone / Tablette,0.017,232.0,1.3,0.022
2026-01-12 15:45:19,2004,Cafetiere,0.0,232.0,0.0,0.0
2026-01-12 15:45:19,2005,Lampe Salle à manger,,,,
2026-01-12 15:45:19,2006,PC Portable,0.0,232.7,0.0,0.0
2026-01-12 15:45:19,2007,Lampe Cuisine,0.039,231.9,5.1,0.085
2026-01-12 15:45:19,2008,Lampe Chambre,0.038,233.1,5.1,0.085
2026-01-12 15:46:22,2001,TV Salle à manger,0.735,232.8,159.5,2.658
2026-01-12 15:46:22,2002,Ecran,0.199,232.3,21.3,0.355
2026-01-12 15:46:22,2003,Telephone / Tablette,0.017,232.0,1.4,0.023
2026-01-12 15:46:22,2004,Cafetiere,0.0,232.0,0.0,0.0
2026-01-12 15:46:22,2005,Lampe Salle à manger,,,,
2026-01-12 15:46:22,2006,PC Portable,0.0,232.7,0.0,0.0
2026-01-12 15:46:22,2007,Lampe Cuisine,0.04,231.9,5.1,0.085
2026-01-12 15:46:22,2008,Lampe Chambre,0.038,233.1,5.1,0.085
2026-01-12 15:47:25,2001,TV Salle à manger,0.736,232.8,159.7,2.662
2026-01-12 15:47:25,2002,Ecran,0.199,232.4,21.2,0.353
2026-01-12 15:47:25,2003,Telephone / Tablette,0.017,232.0,1.3,0.022
2026-01-12 15:47:25,2004,Cafetiere,0.0,232.0,0.0,0.0
2026-01-12 15:47:25,2005,Lampe Salle à manger,,,,
2026-01-12 15:47:25,2006,PC Portable,0.0,232.7,0.0,0.0
2026-01-12 15:47:25,2007,Lampe Cuisine,0.039,231.9,5.1,0.085
2026-01-12 15:47:25,2008,Lampe Chambre,0.038,233.1,5.1,0.085
2026-01-12 15:48:29,2001,TV Salle à manger,0.734,232.8,159.2,2.653
2026-01-12 15:48:29,2002,Ecran,0.199,232.4,21.3,0.355
2026-01-12 15:48:29,2003,Telephone / Tablette,0.016,232.0,1.3,0.022
2026-01-12 15:48:29,2004,Cafetiere,0.0,232.0,0.0,0.0
2026-01-12 15:48:29,2005,Lampe Salle à manger,,,,
2026-01-12 15:48:29,2006,PC Portable,0.0,232.7,0.0,0.0
2026-01-12 15:48:29,2007,Lampe Cuisine,0.039,231.9,5.1,0.085
2026-01-12 15:48:29,2008,Lampe Chambre,0.038,233.1,5.1,0.085
2026-01-12 15:49:32,2001,TV Salle à manger,0.733,232.8,159.0,2.65
2026-01-12 15:49:32,2002,Ecran,0.199,232.4,21.3,0.355
2026-01-12 15:49:32,2003,Telephone / Tablette,0.017,232.0,1.3,0.022
2026-01-12 15:49:32,2004,Cafetiere,0.0,232.0,0.0,0.0
2026-01-12 15:49:32,2005,Lampe Salle à manger,,,,
2026-01-12 15:49:32,2006,PC Portable,0.0,232.7,0.0,0.0
2026-01-12 15:49:32,2007,Lampe Cuisine,0.039,231.9,5.1,0.085
2026-01-12 15:49:32,2008,Lampe Chambre,0.038,233.1,5.1,0.085
2026-01-12 15:50:36,2001,TV Salle à manger,0.736,232.7,159.7,2.662
2026-01-12 15:50:36,2002,Ecran,0.199,232.4,21.3,0.355
2026-01-12 15:50:36,2003,Telephone / Tablette,0.017,232.0,1.3,0.022
2026-01-12 15:50:36,2004,Cafetiere,0.0,232.0,0.0,0.0
2026-01-12 15:50:36,2005,Lampe Salle à manger,,,,
2026-01-12 15:50:36,2006,PC Portable,0.0,232.7,0.0,0.0
2026-01-12 15:50:36,2007,Lampe Cuisine,0.039,231.9,5.1,0.085
2026-01-12 15:50:36,2008,Lampe Chambre,0.038,233.1,5.0,0.083
2026-01-12 15:51:39,2001,TV Salle à manger,0.734,232.7,159.2,2.653
2026-01-12 15:51:39,2002,Ecran,0.199,232.4,21.3,0.355
2026-01-12 15:51:39,2003,Telephone / Tablette,0.017,232.0,1.4,0.023
2026-01-12 15:51:39,2004,Cafetiere,0.0,232.0,0.0,0.0
2026-01-12 15:51:39,2005,Lampe Salle à manger,,,,
2026-01-12 15:51:39,2006,PC Portable,0.0,232.7,0.0,0.0
2026-01-12 15:51:39,2007,Lampe Cuisine,0.039,231.9,5.1,0.085
2026-01-12 15:51:39,2008,Lampe Chambre,0.038,233.1,5.1,0.085
2026-01-12 15:52:42,2001,TV Salle à manger,0.734,232.7,159.4,2.657
2026-01-12 15:52:42,2002,Ecran,0.199,232.4,21.3,0.355
2026-01-12 15:52:42,2003,Telephone / Tablette,0.017,232.0,1.3,0.022
2026-01-12 15:52:42,2004,Cafetiere,0.0,232.0,0.0,0.0
2026-01-12 15:52:42,2005,Lampe Salle à manger,,,,
2026-01-12 15:52:42,2006,PC Portable,0.0,232.7,0.0,0.0
2026-01-12 15:52:42,2007,Lampe Cuisine,0.039,231.9,5.1,0.085
2026-01-12 15:52:42,2008,Lampe Chambre,0.038,233.1,5.1,0.085
2026-01-12 15:53:46,2001,TV Salle à manger,0.736,232.7,159.7,2.662
2026-01-12 15:53:46,2002,Ecran,0.057,232.4,4.3,0.072
2026-01-12 15:53:46,2003,Telephone / Tablette,0.017,232.0,1.3,0.022
2026-01-12 15:53:46,2004,Cafetiere,0.0,232.0,0.0,0.0
2026-01-12 15:53:46,2005,Lampe Salle à manger,,,,
2026-01-12 15:53:46,2006,PC Portable,0.0,232.7,0.0,0.0
2026-01-12 15:53:46,2007,Lampe Cuisine,0.039,231.9,5.1,0.085
2026-01-12 15:53:46,2008,Lampe Chambre,0.038,233.1,5.1,0.085
2026-01-12 15:54:49,2001,TV Salle à manger,0.735,232.7,159.6,2.66
2026-01-12 15:54:49,2002,Ecran,0.199,232.4,21.3,0.355
2026-01-12 15:54:49,2003,Telephone / Tablette,0.017,232.0,1.4,0.023
2026-01-12 15:54:49,2004,Cafetiere,0.0,232.0,0.0,0.0
2026-01-12 15:54:49,2005,Lampe Salle à manger,,,,
2026-01-12 15:54:49,2006,PC Portable,0.0,232.7,0.0,0.0
2026-01-12 15:54:49,2007,Lampe Cuisine,0.039,232.0,5.1,0.085
2026-01-12 15:54:49,2008,Lampe Chambre,0.038,233.1,5.1,0.085
2026-01-12 15:55:52,2001,TV Salle à manger,0.734,232.8,159.3,2.655
2026-01-12 15:55:52,2002,Ecran,0.198,232.4,21.2,0.353
2026-01-12 15:55:52,2003,Telephone / Tablette,0.017,232.0,1.3,0.022
2026-01-12 15:55:52,2004,Cafetiere,0.0,232.0,0.0,0.0
2026-01-12 15:55:52,2005,Lampe Salle à manger,,,,
2026-01-12 15:55:52,2006,PC Portable,0.0,232.7,0.0,0.0
2026-01-12 15:55:52,2007,Lampe Cuisine,0.039,231.9,5.1,0.085
2026-01-12 15:55:52,2008,Lampe Chambre,0.038,233.1,5.1,0.085
2026-01-12 15:56:56,2001,TV Salle à manger,0.736,232.8,159.8,2.663
2026-01-12 15:56:56,2002,Ecran,0.199,232.4,21.2,0.353
2026-01-12 15:56:56,2003,Telephone / Tablette,0.017,232.0,1.3,0.022
2026-01-12 15:56:56,2004,Cafetiere,0.0,232.0,0.0,0.0
2026-01-12 15:56:56,2005,Lampe Salle à manger,,,,
2026-01-12 15:56:56,2006,PC Portable,0.0,232.7,0.0,0.0
2026-01-12 15:56:56,2007,Lampe Cuisine,0.04,231.9,5.1,0.085
2026-01-12 15:56:56,2008,Lampe Chambre,0.038,233.1,5.1,0.085
2026-01-12 15:57:59,2001,TV Salle à manger,0.735,232.8,159.5,2.658
2026-01-12 15:57:59,2002,Ecran,0.199,232.4,21.2,0.353
2026-01-12 15:57:59,2003,Telephone / Tablette,0.017,232.0,1.3,0.022
2026-01-12 15:57:59,2004,Cafetiere,0.0,232.0,0.0,0.0
2026-01-12 15:57:59,2005,Lampe Salle à manger,,,,
2026-01-12 15:57:59,2006,PC Portable,0.0,232.7,0.0,0.0
2026-01-12 15:57:59,2007,Lampe Cuisine,0.039,231.9,5.2,0.087
2026-01-12 15:57:59,2008,Lampe Chambre,0.038,233.1,5.1,0.085
2026-01-12 15:59:02,2001,TV Salle à manger,0.738,232.8,160.1,2.668
2026-01-12 15:59:02,2002,Ecran,0.199,232.4,21.3,0.355
2026-01-12 15:59:02,2003,Telephone / Tablette,0.017,232.0,1.3,0.022
2026-01-12 15:59:02,2004,Cafetiere,0.0,232.0,0.0,0.0
2026-01-12 15:59:02,2005,Lampe Salle à manger,,,,
2026-01-12 15:59:02,2006,PC Portable,0.0,232.7,0.0,0.0
2026-01-12 15:59:02,2007,Lampe Cuisine,0.039,231.9,5.1,0.085
2026-01-12 15:59:02,2008,Lampe Chambre,0.038,233.1,5.1,0.085
2026-01-12 16:00:06,2001,TV Salle à manger,0.737,232.7,160.0,2.667
2026-01-12 16:00:06,2002,Ecran,0.199,232.4,21.3,0.355
2026-01-12 16:00:06,2003,Telephone / Tablette,0.017,232.0,1.3,0.022
2026-01-12 16:00:06,2004,Cafetiere,0.0,232.0,0.0,0.0
2026-01-12 16:00:06,2005,Lampe Salle à manger,,,,
2026-01-12 16:00:06,2006,PC Portable,0.0,232.7,0.0,0.0
2026-01-12 16:00:06,2007,Lampe Cuisine,0.039,231.9,5.1,0.085
2026-01-12 16:00:06,2008,Lampe Chambre,0.038,233.1,5.1,0.085
2026-01-12 16:01:09,2001,TV Salle à manger,0.733,232.7,159.1,2.652
2026-01-12 16:01:09,2002,Ecran,0.198,232.4,21.3,0.355
2026-01-12 16:01:09,2003,Telephone / Tablette,0.017,232.0,1.3,0.022
2026-01-12 16:01:09,2004,Cafetiere,0.0,232.0,0.0,0.0
2026-01-12 16:01:09,2005,Lampe Salle à manger,,,,
2026-01-12 16:01:09,2006,PC Portable,0.0,232.7,0.0,0.0
2026-01-12 16:01:09,2007,Lampe Cuisine,0.039,232.0,5.1,0.085
2026-01-12 16:01:09,2008,Lampe Chambre,0.038,233.1,5.1,0.085
2026-01-12 16:02:13,2001,TV Salle à manger,0.733,232.7,159.1,2.652
2026-01-12 16:02:13,2002,Ecran,0.199,232.4,21.3,0.355
2026-01-12 16:02:13,2003,Telephone / Tablette,0.017,232.0,1.3,0.022
2026-01-12 16:02:13,2004,Cafetiere,0.0,232.0,0.0,0.0
2026-01-12 16:02:13,2005,Lampe Salle à manger,,,,
2026-01-12 16:02:13,2006,PC Portable,0.0,232.7,0.0,0.0
2026-01-12 16:02:13,2007,Lampe Cuisine,0.04,232.0,5.2,0.087
2026-01-12 16:02:13,2008,Lampe Chambre,0.038,233.1,5.1,0.085
2026-01-12 16:03:16,2001,TV Salle à manger,0.733,232.7,159.1,2.652
2026-01-12 16:03:16,2002,Ecran,0.198,232.4,21.2,0.353
2026-01-12 16:03:16,2003,Telephone / Tablette,0.017,232.0,1.3,0.022
2026-01-12 16:03:16,2004,Cafetiere,0.0,232.1,0.0,0.0
2026-01-12 16:03:16,2005,Lampe Salle à manger,,,,
2026-01-12 16:03:16,2006,PC Portable,0.0,232.7,0.0,0.0
2026-01-12 16:03:16,2007,Lampe Cuisine,0.039,232.0,5.1,0.085
2026-01-12 16:03:16,2008,Lampe Chambre,0.038,233.1,5.1,0.085
2026-01-12 16:04:19,2001,TV Salle à manger,0.735,232.7,159.5,2.658
2026-01-12 16:04:19,2002,Ecran,0.198,232.4,21.2,0.353
2026-01-12 16:04:19,2003,Telephone / Tablette,0.017,232.0,1.3,0.022
2026-01-12 16:04:19,2004,Cafetiere,0.0,232.0,0.0,0.0
2026-01-12 16:04:19,2005,Lampe Salle à manger,,,,
2026-01-12 16:04:19,2006,PC Portable,0.0,232.7,0.0,0.0
2026-01-12 16:04:19,2007,Lampe Cuisine,0.039,232.0,5.1,0.085
2026-01-12 16:04:19,2008,Lampe Chambre,0.038,233.1,5.1,0.085
2026-01-12 16:05:24,2001,TV Salle à manger,0.734,232.8,159.3,2.655
2026-01-12 16:05:24,2002,Ecran,0.199,232.4,21.3,0.355
2026-01-12 16:05:24,2003,Telephone / Tablette,0.017,232.0,1.3,0.022
2026-01-12 16:05:24,2004,Cafetiere,0.0,232.1,0.0,0.0
2026-01-12 16:05:24,2005,Lampe Salle à manger,,,,
2026-01-12 16:05:24,2006,PC Portable,0.0,232.7,0.0,0.0
2026-01-12 16:05:24,2007,Lampe Cuisine,0.039,232.0,5.1,0.085
2026-01-12 16:05:24,2008,Lampe Chambre,0.038,233.1,5.1,0.085
2026-01-12 16:06:27,2001,TV Salle à manger,0.737,232.8,159.9,2.665
2026-01-12 16:06:27,2002,Ecran,0.199,232.4,21.2,0.353
2026-01-12 16:06:27,2003,Telephone / Tablette,0.017,232.1,1.4,0.023
2026-01-12 16:06:27,2004,Cafetiere,0.0,232.0,0.0,0.0
2026-01-12 16:06:27,2005,Lampe Salle à manger,,,,
2026-01-12 16:06:27,2006,PC Portable,0.0,232.7,0.0,0.0
2026-01-12 16:06:27,2007,Lampe Cuisine,0.039,232.0,5.1,0.085
2026-01-12 16:06:27,2008,Lampe Chambre,0.038,233.1,5.1,0.085
2026-01-12 16:07:30,2001,TV Salle à manger,0.734,232.8,159.3,2.655
2026-01-12 16:07:30,2002,Ecran,0.199,232.4,21.3,0.355
2026-01-12 16:07:30,2003,Telephone / Tablette,0.017,232.0,1.3,0.022
2026-01-12 16:07:30,2004,Cafetiere,0.0,232.0,0.0,0.0
2026-01-12 16:07:30,2005,Lampe Salle à manger,,,,
2026-01-12 16:07:30,2006,PC Portable,0.0,232.7,0.0,0.0
2026-01-12 16:07:30,2007,Lampe Cuisine,0.039,231.9,5.1,0.085
2026-01-12 16:07:30,2008,Lampe Chambre,0.038,233.1,5.1,0.085
2026-01-12 16:08:33,2001,TV Salle à manger,0.737,232.8,160.0,2.667
2026-01-12 16:08:33,2002,Ecran,0.198,232.4,21.2,0.353
2026-01-12 16:08:33,2003,Telephone / Tablette,0.017,232.1,1.3,0.022
2026-01-12 16:08:33,2004,Cafetiere,0.0,232.1,0.0,0.0
2026-01-12 16:08:33,2005,Lampe Salle à manger,,,,
2026-01-12 16:08:33,2006,PC Portable,0.0,232.7,0.0,0.0
2026-01-12 16:08:33,2007,Lampe Cuisine,0.039,232.0,5.1,0.085
2026-01-12 16:08:33,2008,Lampe Chambre,0.038,233.1,5.1,0.085
2026-01-12 16:09:37,2001,TV Salle à manger,0.736,232.8,159.6,2.66
2026-01-12 16:09:37,2002,Ecran,0.198,232.4,21.2,0.353
2026-01-12 16:09:37,2003,Telephone / Tablette,0.017,232.0,1.3,0.022
2026-01-12 16:09:37,2004,Cafetiere,0.0,232.0,0.0,0.0
2026-01-12 16:09:37,2005,Lampe Salle à manger,,,,
2026-01-12 16:09:37,2006,PC Portable,0.0,232.7,0.0,0.0
2026-01-12 16:09:37,2007,Lampe Cuisine,0.039,232.0,5.2,0.087
2026-01-12 16:09:37,2008,Lampe Chambre,0.038,233.1,5.2,0.087
2026-01-12 16:10:40,2001,TV Salle à manger,0.737,232.7,159.9,2.665
2026-01-12 16:10:40,2002,Ecran,0.199,232.4,21.3,0.355
2026-01-12 16:10:40,2003,Telephone / Tablette,0.017,232.0,1.3,0.022
2026-01-12 16:10:40,2004,Cafetiere,0.0,232.0,0.0,0.0
2026-01-12 16:10:40,2005,Lampe Salle à manger,,,,
2026-01-12 16:10:40,2006,PC Portable,0.0,232.7,0.0,0.0
2026-01-12 16:10:40,2007,Lampe Cuisine,0.039,232.0,5.2,0.087
2026-01-12 16:10:40,2008,Lampe Chambre,0.038,233.1,5.1,0.085
2026-01-12 16:11:43,2001,TV Salle à manger,0.735,232.7,159.3,2.655
2026-01-12 16:11:43,2002,Ecran,0.199,232.4,21.3,0.355
2026-01-12 16:11:43,2003,Telephone / Tablette,0.017,232.0,1.4,0.023
2026-01-12 16:11:43,2004,Cafetiere,0.0,232.0,0.0,0.0
2026-01-12 16:11:43,2005,Lampe Salle à manger,,,,
2026-01-12 16:11:43,2006,PC Portable,0.0,232.7,0.0,0.0
2026-01-12 16:11:43,2007,Lampe Cuisine,0.04,232.0,5.1,0.085
2026-01-12 16:11:43,2008,Lampe Chambre,0.038,233.1,5.1,0.085
2026-01-12 16:12:47,2001,TV Salle à manger,0.738,232.7,160.1,2.668
2026-01-12 16:12:47,2002,Ecran,0.199,232.4,21.3,0.355
2026-01-12 16:12:47,2003,Telephone / Tablette,0.017,232.0,1.3,0.022
2026-01-12 16:12:47,2004,Cafetiere,0.0,232.0,0.0,0.0
2026-01-12 16:12:47,2005,Lampe Salle à manger,,,,
2026-01-12 16:12:47,2006,PC Portable,0.0,232.7,0.0,0.0
2026-01-12 16:12:47,2007,Lampe Cuisine,0.04,232.0,5.0,0.083
2026-01-12 16:12:47,2008,Lampe Chambre,0.038,233.1,5.1,0.085
2026-01-12 16:13:51,2001,TV Salle à manger,0.736,232.8,159.7,2.662
2026-01-12 16:13:51,2002,Ecran,0.199,232.4,21.2,0.353
2026-01-12 16:13:51,2003,Telephone / Tablette,0.017,232.0,1.3,0.022
2026-01-12 16:13:51,2004,Cafetiere,0.0,232.0,0.0,0.0
2026-01-12 16:13:51,2005,Lampe Salle à manger,,,,
2026-01-12 16:13:51,2006,PC Portable,0.0,232.7,0.0,0.0
2026-01-12 16:13:51,2007,Lampe Cuisine,0.04,232.0,5.1,0.085
2026-01-12 16:13:51,2008,Lampe Chambre,0.038,233.1,5.1,0.085
2026-01-12 16:14:54,2001,TV Salle à manger,0.735,232.8,159.5,2.658
2026-01-12 16:14:54,2002,Ecran,0.198,232.4,21.2,0.353
2026-01-12 16:14:54,2003,Telephone / Tablette,0.017,232.0,1.2,0.02
2026-01-12 16:14:54,2004,Cafetiere,0.0,232.0,0.0,0.0
2026-01-12 16:14:54,2005,Lampe Salle à manger,,,,
2026-01-12 16:14:54,2006,PC Portable,0.0,232.7,0.0,0.0
2026-01-12 16:14:54,2007,Lampe Cuisine,0.039,232.0,5.1,0.085
2026-01-12 16:14:54,2008,Lampe Chambre,0.038,233.1,5.1,0.085
2026-01-12 16:15:57,2001,TV Salle à manger,0.735,232.8,159.4,2.657
2026-01-12 16:15:57,2002,Ecran,0.199,232.4,21.3,0.355
2026-01-12 16:15:57,2003,Telephone / Tablette,0.017,232.0,1.4,0.023
2026-01-12 16:15:57,2004,Cafetiere,0.0,232.0,0.0,0.0
2026-01-12 16:15:57,2005,Lampe Salle à manger,,,,
2026-01-12 16:15:57,2006,PC Portable,0.0,232.7,0.0,0.0
2026-01-12 16:15:57,2007,Lampe Cuisine,0.04,232.0,5.2,0.087
2026-01-12 16:15:57,2008,Lampe Chambre,0.038,233.1,5.1,0.085
2026-01-12 16:17:00,2001,TV Salle à manger,0.734,232.8,159.1,2.652
2026-01-12 16:17:00,2002,Ecran,0.199,232.4,21.3,0.355
2026-01-12 16:17:00,2003,Telephone / Tablette,0.017,232.1,1.4,0.023
2026-01-12 16:17:00,2004,Cafetiere,0.0,232.0,0.0,0.0
2026-01-12 16:17:00,2005,Lampe Salle à manger,,,,
2026-01-12 16:17:00,2006,PC Portable,0.0,232.8,0.0,0.0
2026-01-12 16:17:00,2007,Lampe Cuisine,0.04,232.0,5.2,0.087
2026-01-12 16:17:00,2008,Lampe Chambre,0.038,233.1,5.1,0.085
2026-01-12 16:18:04,2001,TV Salle à manger,0.737,232.7,159.9,2.665
2026-01-12 16:18:04,2002,Ecran,0.199,232.4,21.3,0.355
2026-01-12 16:18:04,2003,Telephone / Tablette,0.017,232.1,1.3,0.022
2026-01-12 16:18:04,2004,Cafetiere,0.0,232.0,0.0,0.0
2026-01-12 16:18:04,2005,Lampe Salle à manger,,,,
2026-01-12 16:18:04,2006,PC Portable,0.0,232.8,0.0,0.0
2026-01-12 16:18:04,2007,Lampe Cuisine,0.039,232.0,5.1,0.085
2026-01-12 16:18:04,2008,Lampe Chambre,0.038,233.1,5.1,0.085
2026-01-12 16:19:07,2001,TV Salle à manger,0.734,232.7,159.2,2.653
2026-01-12 16:19:07,2002,Ecran,0.199,232.4,21.4,0.357
2026-01-12 16:19:07,2003,Telephone / Tablette,0.017,232.0,1.3,0.022
2026-01-12 16:19:07,2004,Cafetiere,0.0,232.0,0.0,0.0
2026-01-12 16:19:07,2005,Lampe Salle à manger,,,,
2026-01-12 16:19:07,2006,PC Portable,0.0,232.7,0.0,0.0
2026-01-12 16:19:07,2007,Lampe Cuisine,0.039,232.0,5.1,0.085
2026-01-12 16:19:07,2008,Lampe Chambre,0.038,233.1,5.1,0.085
2026-01-12 16:20:10,2001,TV Salle à manger,0.734,232.7,159.2,2.653
2026-01-12 16:20:10,2002,Ecran,0.199,232.4,21.3,0.355
2026-01-12 16:20:10,2003,Telephone / Tablette,0.017,232.0,1.3,0.022
2026-01-12 16:20:10,2004,Cafetiere,0.0,232.0,0.0,0.0
2026-01-12 16:20:10,2005,Lampe Salle à manger,,,,
2026-01-12 16:20:10,2006,PC Portable,0.0,232.8,0.0,0.0
2026-01-12 16:20:10,2007,Lampe Cuisine,0.039,232.0,5.2,0.087
2026-01-12 16:20:10,2008,Lampe Chambre,0.038,233.1,5.1,0.085
2026-01-12 16:21:14,2001,TV Salle à manger,0.736,232.8,159.7,2.662
2026-01-12 16:21:14,2002,Ecran,0.199,232.4,21.3,0.355
2026-01-12 16:21:14,2003,Telephone / Tablette,0.017,232.0,1.3,0.022
2026-01-12 16:21:14,2004,Cafetiere,0.0,232.0,0.0,0.0
2026-01-12 16:21:14,2005,Lampe Salle à manger,,,,
2026-01-12 16:21:14,2006,PC Portable,0.0,232.7,0.0,0.0
2026-01-12 16:21:14,2007,Lampe Cuisine,0.039,232.0,5.1,0.085
2026-01-12 16:21:14,2008,Lampe Chambre,0.038,233.2,5.1,0.085
2026-01-12 16:22:17,2001,TV Salle à manger,0.735,232.8,159.4,2.657
2026-01-12 16:22:17,2002,Ecran,0.199,232.4,21.3,0.355
2026-01-12 16:22:17,2003,Telephone / Tablette,0.017,232.0,1.4,0.023
2026-01-12 16:22:17,2004,Cafetiere,0.0,232.1,0.0,0.0
2026-01-12 16:22:17,2005,Lampe Salle à manger,,,,
2026-01-12 16:22:17,2006,PC Portable,0.0,232.7,0.0,0.0
2026-01-12 16:22:17,2007,Lampe Cuisine,0.039,232.0,5.1,0.085
2026-01-12 16:22:17,2008,Lampe Chambre,0.038,233.1,5.1,0.085
2026-01-12 16:23:20,2001,TV Salle à manger,0.735,232.8,159.4,2.657
2026-01-12 16:23:20,2002,Ecran,0.199,232.4,21.3,0.355
2026-01-12 16:23:20,2003,Telephone / Tablette,0.017,232.1,1.3,0.022
2026-01-12 16:23:20,2004,Cafetiere,0.0,232.1,0.0,0.0
2026-01-12 16:23:20,2005,Lampe Salle à manger,,,,
2026-01-12 16:23:20,2006,PC Portable,0.0,232.7,0.0,0.0
2026-01-12 16:23:20,2007,Lampe Cuisine,0.039,232.0,5.1,0.085
2026-01-12 16:23:20,2008,Lampe Chambre,0.038,233.1,5.1,0.085
2026-01-12 16:24:23,2001,TV Salle à manger,0.733,232.8,159.0,2.65
2026-01-12 16:24:23,2002,Ecran,0.199,232.4,21.3,0.355
2026-01-12 16:24:23,2003,Telephone / Tablette,0.017,232.0,1.3,0.022
2026-01-12 16:24:23,2004,Cafetiere,0.0,232.1,0.0,0.0
2026-01-12 16:24:23,2005,Lampe Salle à manger,,,,
2026-01-12 16:24:23,2006,PC Portable,0.0,232.8,0.0,0.0
2026-01-12 16:24:23,2007,Lampe Cuisine,0.039,232.0,5.2,0.087
2026-01-12 16:24:23,2008,Lampe Chambre,0.038,233.1,5.1,0.085
2026-01-12 16:25:27,2001,TV Salle à manger,0.736,232.8,159.7,2.662
2026-01-12 16:25:27,2002,Ecran,0.199,232.4,21.3,0.355
2026-01-12 16:25:27,2003,Telephone / Tablette,0.017,232.1,1.3,0.022
2026-01-12 16:25:27,2004,Cafetiere,0.0,232.0,0.0,0.0
2026-01-12 16:25:27,2005,Lampe Salle à manger,,,,
2026-01-12 16:25:27,2006,PC Portable,0.0,232.7,0.0,0.0
2026-01-12 16:25:27,2007,Lampe Cuisine,0.039,232.0,5.1,0.085
2026-01-12 16:25:27,2008,Lampe Chambre,0.038,233.1,5.1,0.085
2026-01-12 16:26:30,2001,TV Salle à manger,0.737,232.8,160.0,2.667
2026-01-12 16:26:30,2002,Ecran,0.199,232.4,21.3,0.355
2026-01-12 16:26:30,2003,Telephone / Tablette,0.017,232.1,1.2,0.02
2026-01-12 16:26:30,2004,Cafetiere,0.0,232.0,0.0,0.0
2026-01-12 16:26:30,2005,Lampe Salle à manger,,,,
2026-01-12 16:26:30,2006,PC Portable,0.0,232.8,0.0,0.0
2026-01-12 16:26:30,2007,Lampe Cuisine,0.039,232.0,5.1,0.085
2026-01-12 16:26:30,2008,Lampe Chambre,0.038,233.1,5.1,0.085
2026-01-12 16:27:33,2001,TV Salle à manger,0.734,232.8,159.3,2.655
2026-01-12 16:27:33,2002,Ecran,0.199,232.4,21.2,0.353
2026-01-12 16:27:33,2003,Telephone / Tablette,0.017,232.0,1.3,0.022
2026-01-12 16:27:33,2004,Cafetiere,0.0,232.0,0.0,0.0
2026-01-12 16:27:33,2005,Lampe Salle à manger,,,,
2026-01-12 16:27:33,2006,PC Portable,0.0,232.8,0.0,0.0
2026-01-12 16:27:33,2007,Lampe Cuisine,0.04,232.0,5.1,0.085
2026-01-12 16:27:33,2008,Lampe Chambre,0.038,233.1,5.1,0.085
2026-01-12 16:28:37,2001,TV Salle à manger,0.735,232.8,159.5,2.658
2026-01-12 16:28:37,2002,Ecran,0.199,232.4,21.3,0.355
2026-01-12 16:28:37,2003,Telephone / Tablette,0.017,232.0,1.3,0.022
2026-01-12 16:28:37,2004,Cafetiere,0.0,232.0,0.0,0.0
2026-01-12 16:28:37,2005,Lampe Salle à manger,,,,
2026-01-12 16:28:37,2006,PC Portable,0.0,232.7,0.0,0.0
2026-01-12 16:28:37,2007,Lampe Cuisine,0.039,232.0,5.1,0.085
2026-01-12 16:28:37,2008,Lampe Chambre,0.038,233.1,5.0,0.083
2026-01-12 16:29:40,2001,TV Salle à manger,0.735,232.8,159.5,2.658
2026-01-12 16:29:40,2002,Ecran,0.198,232.4,21.2,0.353
2026-01-12 16:29:40,2003,Telephone / Tablette,0.017,232.1,1.3,0.022
2026-01-12 16:29:40,2004,Cafetiere,0.0,232.1,0.0,0.0
2026-01-12 16:29:40,2005,Lampe Salle à manger,,,,
2026-01-12 16:29:40,2006,PC Portable,0.0,232.8,0.0,0.0
2026-01-12 16:29:40,2007,Lampe Cuisine,0.039,232.0,5.1,0.085
2026-01-12 16:29:40,2008,Lampe Chambre,0.038,233.1,5.1,0.085
2026-01-12 16:30:43,2001,TV Salle à manger,0.737,232.8,159.9,2.665
2026-01-12 16:30:43,2002,Ecran,0.199,232.4,21.3,0.355
2026-01-12 16:30:43,2003,Telephone / Tablette,0.017,232.1,1.4,0.023
2026-01-12 16:30:43,2004,Cafetiere,0.0,232.0,0.0,0.0
2026-01-12 16:30:43,2005,Lampe Salle à manger,,,,
2026-01-12 16:30:43,2006,PC Portable,0.0,232.8,0.0,0.0
2026-01-12 16:30:43,2007,Lampe Cuisine,0.039,232.0,5.1,0.085
2026-01-12 16:30:43,2008,Lampe Chambre,0.038,233.2,5.1,0.085
2026-01-12 16:31:47,2001,TV Salle à manger,0.735,232.8,159.6,2.66
2026-01-12 16:31:47,2002,Ecran,0.199,232.4,21.3,0.355
2026-01-12 16:31:47,2003,Telephone / Tablette,0.016,232.0,1.2,0.02
2026-01-12 16:31:47,2004,Cafetiere,0.0,232.0,0.0,0.0
2026-01-12 16:31:47,2005,Lampe Salle à manger,,,,
2026-01-12 16:31:47,2006,PC Portable,0.0,232.8,0.0,0.0
2026-01-12 16:31:47,2007,Lampe Cuisine,0.039,232.0,5.1,0.085
2026-01-12 16:31:47,2008,Lampe Chambre,0.038,233.2,5.1,0.085
2026-01-12 16:32:50,2001,TV Salle à manger,0.737,232.8,160.0,2.667
2026-01-12 16:32:50,2002,Ecran,0.199,232.4,21.3,0.355
2026-01-12 16:32:50,2003,Telephone / Tablette,0.017,232.1,1.3,0.022
2026-01-12 16:32:50,2004,Cafetiere,0.0,232.1,0.0,0.0
2026-01-12 16:32:50,2005,Lampe Salle à manger,,,,
2026-01-12 16:32:50,2006,PC Portable,0.0,232.8,0.0,0.0
2026-01-12 16:32:50,2007,Lampe Cuisine,0.039,232.0,5.2,0.087
2026-01-12 16:32:50,2008,Lampe Chambre,0.038,233.1,5.1,0.085
2026-01-12 16:33:53,2001,TV Salle à manger,0.736,232.8,159.7,2.662
2026-01-12 16:33:53,2002,Ecran,0.199,232.4,21.3,0.355
2026-01-12 16:33:53,2003,Telephone / Tablette,0.017,232.0,1.3,0.022
2026-01-12 16:33:53,2004,Cafetiere,0.0,232.1,0.0,0.0
2026-01-12 16:33:53,2005,Lampe Salle à manger,,,,
2026-01-12 16:33:53,2006,PC Portable,0.0,232.8,0.0,0.0
2026-01-12 16:33:53,2007,Lampe Cuisine,0.039,232.0,5.1,0.085
2026-01-12 16:33:53,2008,Lampe Chambre,0.038,233.2,5.1,0.085
2026-01-12 16:34:56,2001,TV Salle à manger,0.735,232.8,159.5,2.658
2026-01-12 16:34:56,2002,Ecran,0.199,232.4,21.3,0.355
2026-01-12 16:34:56,2003,Telephone / Tablette,0.017,232.1,1.3,0.022
2026-01-12 16:34:56,2004,Cafetiere,0.0,232.1,0.0,0.0
2026-01-12 16:34:56,2005,Lampe Salle à manger,,,,
2026-01-12 16:34:56,2006,PC Portable,0.0,232.8,0.0,0.0
2026-01-12 16:34:56,2007,Lampe Cuisine,0.039,232.0,5.1,0.085
2026-01-12 16:34:56,2008,Lampe Chambre,0.038,233.2,5.1,0.085
2026-01-12 16:36:00,2001,TV Salle à manger,0.735,232.8,159.5,2.658
2026-01-12 16:36:00,2002,Ecran,0.199,232.4,21.2,0.353
2026-01-12 16:36:00,2003,Telephone / Tablette,0.017,232.1,1.3,0.022
2026-01-12 16:36:00,2004,Cafetiere,0.0,232.1,0.0,0.0
2026-01-12 16:36:00,2005,Lampe Salle à manger,,,,
2026-01-12 16:36:00,2006,PC Portable,0.0,232.8,0.0,0.0
2026-01-12 16:36:00,2007,Lampe Cuisine,0.039,232.0,5.2,0.087
2026-01-12 16:36:00,2008,Lampe Chambre,0.038,233.2,5.1,0.085
2026-01-12 16:37:03,2001,TV Salle à manger,0.737,232.8,160.0,2.667
2026-01-12 16:37:03,2002,Ecran,0.199,232.4,21.3,0.355
2026-01-12 16:37:03,2003,Telephone / Tablette,0.016,232.1,1.2,0.02
2026-01-12 16:37:03,2004,Cafetiere,0.0,232.1,0.0,0.0
2026-01-12 16:37:03,2005,Lampe Salle à manger,,,,
2026-01-12 16:37:03,2006,PC Portable,0.0,232.8,0.0,0.0
2026-01-12 16:37:03,2007,Lampe Cuisine,0.039,232.0,5.1,0.085
2026-01-12 16:37:03,2008,Lampe Chambre,0.038,233.2,5.1,0.085
2026-01-12 16:38:06,2001,TV Salle à manger,0.736,232.8,159.6,2.66
2026-01-12 16:38:06,2002,Ecran,0.199,232.4,21.2,0.353
2026-01-12 16:38:06,2003,Telephone / Tablette,0.017,232.1,1.4,0.023
2026-01-12 16:38:06,2004,Cafetiere,0.0,232.1,0.0,0.0
2026-01-12 16:38:06,2005,Lampe Salle à manger,,,,
2026-01-12 16:38:06,2006,PC Portable,0.0,232.8,0.0,0.0
2026-01-12 16:38:06,2007,Lampe Cuisine,0.039,232.0,5.1,0.085
2026-01-12 16:38:06,2008,Lampe Chambre,0.038,233.2,5.0,0.083
2026-01-12 16:39:10,2001,TV Salle à manger,0.734,232.8,159.2,2.653
2026-01-12 16:39:10,2002,Ecran,0.199,232.4,21.3,0.355
2026-01-12 16:39:10,2003,Telephone / Tablette,0.017,232.1,1.3,0.022
2026-01-12 16:39:10,2004,Cafetiere,0.0,232.1,0.0,0.0
2026-01-12 16:39:10,2005,Lampe Salle à manger,,,,
2026-01-12 16:39:10,2006,PC Portable,0.0,232.8,0.0,0.0
2026-01-12 16:39:10,2007,Lampe Cuisine,0.04,232.0,5.1,0.085
2026-01-12 16:39:10,2008,Lampe Chambre,0.038,233.2,5.1,0.085
2026-01-12 16:40:13,2001,TV Salle à manger,0.736,232.8,159.6,2.66
2026-01-12 16:40:13,2002,Ecran,0.199,232.5,21.3,0.355
2026-01-12 16:40:13,2003,Telephone / Tablette,0.017,232.1,1.3,0.022
2026-01-12 16:40:13,2004,Cafetiere,0.0,232.1,0.0,0.0
2026-01-12 16:40:13,2005,Lampe Salle à manger,,,,
2026-01-12 16:40:13,2006,PC Portable,0.0,232.8,0.0,0.0
2026-01-12 16:40:13,2007,Lampe Cuisine,0.04,232.0,5.2,0.087
2026-01-12 16:40:13,2008,Lampe Chambre,0.038,233.2,5.1,0.085
2026-01-12 16:41:16,2001,TV Salle à manger,0.736,232.8,159.6,2.66
2026-01-12 16:41:16,2002,Ecran,0.199,232.5,21.3,0.355
2026-01-12 16:41:16,2003,Telephone / Tablette,0.017,232.1,1.3,0.022
2026-01-12 16:41:16,2004,Cafetiere,0.0,232.1,0.0,0.0
2026-01-12 16:41:16,2005,Lampe Salle à manger,,,,
2026-01-12 16:41:16,2006,PC Portable,0.0,232.8,0.0,0.0
2026-01-12 16:41:16,2007,Lampe Cuisine,0.04,232.0,5.1,0.085
2026-01-12 16:41:16,2008,Lampe Chambre,0.038,233.2,5.1,0.085
2026-01-12 16:42:20,2001,TV Salle à manger,0.735,232.8,159.4,2.657
2026-01-12 16:42:20,2002,Ecran,0.199,232.5,21.4,0.357
2026-01-12 16:42:20,2003,Telephone / Tablette,0.017,232.1,1.3,0.022
2026-01-12 16:42:20,2004,Cafetiere,0.0,232.1,0.0,0.0
2026-01-12 16:42:20,2005,Lampe Salle à manger,,,,
2026-01-12 16:42:20,2006,PC Portable,0.0,232.8,0.0,0.0
2026-01-12 16:42:20,2007,Lampe Cuisine,0.039,232.0,5.0,0.083
2026-01-12 16:42:20,2008,Lampe Chambre,0.038,233.2,5.0,0.083
2026-01-12 16:43:23,2001,TV Salle à manger,0.736,232.8,159.7,2.662
2026-01-12 16:43:23,2002,Ecran,0.199,232.5,21.3,0.355
2026-01-12 16:43:23,2003,Telephone / Tablette,0.017,232.1,1.3,0.022
2026-01-12 16:43:23,2004,Cafetiere,0.0,232.1,0.0,0.0
2026-01-12 16:43:23,2005,Lampe Salle à manger,,,,
2026-01-12 16:43:23,2006,PC Portable,0.0,232.8,0.0,0.0
2026-01-12 16:43:23,2007,Lampe Cuisine,0.04,232.0,5.1,0.085
2026-01-12 16:43:23,2008,Lampe Chambre,0.038,233.2,5.0,0.083
2026-01-12 16:44:26,2001,TV Salle à manger,0.734,232.9,159.3,2.655
2026-01-12 16:44:26,2002,Ecran,0.199,232.5,21.3,0.355
2026-01-12 16:44:26,2003,Telephone / Tablette,0.017,232.1,1.3,0.022
2026-01-12 16:44:26,2004,Cafetiere,0.0,232.1,0.0,0.0
2026-01-12 16:44:26,2005,Lampe Salle à manger,,,,
2026-01-12 16:44:26,2006,PC Portable,0.0,232.8,0.0,0.0
2026-01-12 16:44:26,2007,Lampe Cuisine,0.039,232.1,5.1,0.085
2026-01-12 16:44:26,2008,Lampe Chambre,0.038,233.2,5.1,0.085
2026-01-12 16:45:30,2001,TV Salle à manger,0.734,232.9,159.2,2.653
2026-01-12 16:45:30,2002,Ecran,0.199,232.5,21.3,0.355
2026-01-12 16:45:30,2003,Telephone / Tablette,0.017,232.1,1.3,0.022
2026-01-12 16:45:30,2004,Cafetiere,0.0,232.1,0.0,0.0
2026-01-12 16:45:30,2005,Lampe Salle à manger,,,,
2026-01-12 16:45:30,2006,PC Portable,0.0,232.8,0.0,0.0
2026-01-12 16:45:30,2007,Lampe Cuisine,0.039,232.1,5.1,0.085
2026-01-12 16:45:30,2008,Lampe Chambre,0.038,233.2,5.1,0.085
2026-01-12 16:46:33,2001,TV Salle à manger,0.733,232.9,159.1,2.652
2026-01-12 16:46:33,2002,Ecran,0.199,232.5,21.2,0.353
2026-01-12 16:46:33,2003,Telephone / Tablette,0.017,232.2,1.4,0.023
2026-01-12 16:46:33,2004,Cafetiere,0.0,232.2,0.0,0.0
2026-01-12 16:46:33,2005,Lampe Salle à manger,,,,
2026-01-12 16:46:33,2006,PC Portable,0.0,232.9,0.0,0.0
2026-01-12 16:46:33,2007,Lampe Cuisine,0.039,232.1,5.1,0.085
2026-01-12 16:46:33,2008,Lampe Chambre,0.038,233.2,5.1,0.085
2026-01-12 16:47:36,2001,TV Salle à manger,0.735,232.9,159.5,2.658
2026-01-12 16:47:36,2002,Ecran,0.199,232.5,21.3,0.355
2026-01-12 16:47:36,2003,Telephone / Tablette,0.017,232.2,1.3,0.022
2026-01-12 16:47:36,2004,Cafetiere,0.0,232.2,0.0,0.0
2026-01-12 16:47:36,2005,Lampe Salle à manger,,,,
2026-01-12 16:47:36,2006,PC Portable,0.0,232.9,0.0,0.0
2026-01-12 16:47:36,2007,Lampe Cuisine,0.039,232.1,5.1,0.085
2026-01-12 16:47:36,2008,Lampe Chambre,0.038,233.2,5.2,0.087
2026-01-12 16:48:40,2001,TV Salle à manger,0.736,232.9,159.6,2.66
2026-01-12 16:48:40,2002,Ecran,0.199,232.5,21.3,0.355
2026-01-12 16:48:40,2003,Telephone / Tablette,0.017,232.2,1.3,0.022
2026-01-12 16:48:40,2004,Cafetiere,0.0,232.2,0.0,0.0
2026-01-12 16:48:40,2005,Lampe Salle à manger,,,,
2026-01-12 16:48:40,2006,PC Portable,0.0,232.9,0.0,0.0
2026-01-12 16:48:40,2007,Lampe Cuisine,0.039,232.1,5.1,0.085
2026-01-12 16:48:40,2008,Lampe Chambre,0.038,233.2,5.1,0.085
2026-01-12 16:49:43,2001,TV Salle à manger,0.736,232.9,159.7,2.662
2026-01-12 16:49:43,2002,Ecran,0.199,232.5,21.2,0.353
2026-01-12 16:49:43,2003,Telephone / Tablette,0.017,232.2,1.4,0.023
2026-01-12 16:49:43,2004,Cafetiere,0.0,232.2,0.0,0.0
2026-01-12 16:49:43,2005,Lampe Salle à manger,,,,
2026-01-12 16:49:43,2006,PC Portable,0.0,232.9,0.0,0.0
2026-01-12 16:49:43,2007,Lampe Cuisine,0.039,232.1,5.1,0.085
2026-01-12 16:49:43,2008,Lampe Chambre,0.038,233.3,5.1,0.085
2026-01-12 16:50:46,2001,TV Salle à manger,0.735,232.9,159.4,2.657
2026-01-12 16:50:46,2002,Ecran,0.199,232.6,21.2,0.353
2026-01-12 16:50:46,2003,Telephone / Tablette,0.017,232.2,1.2,0.02
2026-01-12 16:50:46,2004,Cafetiere,0.0,232.2,0.0,0.0
2026-01-12 16:50:46,2005,Lampe Salle à manger,,,,
2026-01-12 16:50:46,2006,PC Portable,0.0,232.9,0.0,0.0
2026-01-12 16:50:46,2007,Lampe Cuisine,0.039,232.1,5.1,0.085
2026-01-12 16:50:46,2008,Lampe Chambre,0.038,233.3,5.2,0.087
2026-01-12 16:51:50,2001,TV Salle à manger,0.735,232.9,159.6,2.66
2026-01-12 16:51:50,2002,Ecran,0.199,232.6,21.2,0.353
2026-01-12 16:51:50,2003,Telephone / Tablette,0.017,232.2,1.4,0.023
2026-01-12 16:51:50,2004,Cafetiere,0.0,232.2,0.0,0.0
2026-01-12 16:51:50,2005,Lampe Salle à manger,,,,
2026-01-12 16:51:50,2006,PC Portable,0.0,232.9,0.0,0.0
2026-01-12 16:51:50,2007,Lampe Cuisine,0.039,232.1,5.1,0.085
2026-01-12 16:51:50,2008,Lampe Chambre,0.038,233.3,5.1,0.085
2026-01-12 16:52:53,2001,TV Salle à manger,0.736,232.9,159.7,2.662
2026-01-12 16:52:53,2002,Ecran,0.199,232.6,21.3,0.355
2026-01-12 16:52:53,2003,Telephone / Tablette,0.017,232.3,1.3,0.022
2026-01-12 16:52:53,2004,Cafetiere,0.0,232.2,0.0,0.0
2026-01-12 16:52:53,2005,Lampe Salle à manger,,,,
2026-01-12 16:52:53,2006,PC Portable,0.0,232.9,0.0,0.0
2026-01-12 16:52:53,2007,Lampe Cuisine,0.04,232.2,5.1,0.085
2026-01-12 16:52:53,2008,Lampe Chambre,0.038,233.3,5.1,0.085
2026-01-12 16:53:56,2001,TV Salle à manger,0.733,233.0,159.1,2.652
2026-01-12 16:53:56,2002,Ecran,0.199,232.6,21.3,0.355
2026-01-12 16:53:56,2003,Telephone / Tablette,0.017,232.3,1.3,0.022
2026-01-12 16:53:56,2004,Cafetiere,0.0,232.3,0.0,0.0
2026-01-12 16:53:56,2005,Lampe Salle à manger,,,,
2026-01-12 16:53:56,2006,PC Portable,0.0,233.0,0.0,0.0
2026-01-12 16:53:56,2007,Lampe Cuisine,0.039,232.2,5.1,0.085
2026-01-12 16:53:56,2008,Lampe Chambre,0.038,233.3,5.1,0.085
2026-01-12 16:55:00,2001,TV Salle à manger,0.734,233.0,159.4,2.657
2026-01-12 16:55:00,2002,Ecran,0.2,232.6,21.3,0.355
2026-01-12 16:55:00,2003,Telephone / Tablette,0.017,232.3,1.3,0.022
2026-01-12 16:55:00,2004,Cafetiere,0.0,232.3,0.0,0.0
2026-01-12 16:55:00,2005,Lampe Salle à manger,,,,
2026-01-12 16:55:00,2006,PC Portable,0.0,233.0,0.0,0.0
2026-01-12 16:55:00,2007,Lampe Cuisine,0.039,232.2,5.1,0.085
2026-01-12 16:55:00,2008,Lampe Chambre,0.038,233.4,5.1,0.085
2026-01-12 16:56:03,2001,TV Salle à manger,0.734,233.0,159.3,2.655
2026-01-12 16:56:03,2002,Ecran,0.199,232.7,21.2,0.353
2026-01-12 16:56:03,2003,Telephone / Tablette,0.017,232.3,1.3,0.022
2026-01-12 16:56:03,2004,Cafetiere,0.0,232.3,0.0,0.0
2026-01-12 16:56:03,2005,Lampe Salle à manger,,,,
2026-01-12 16:56:03,2006,PC Portable,0.0,233.0,0.0,0.0
2026-01-12 16:56:03,2007,Lampe Cuisine,0.039,232.2,5.1,0.085
2026-01-12 16:56:03,2008,Lampe Chambre,0.038,233.4,5.1,0.085
2026-01-12 16:57:06,2001,TV Salle à manger,0.734,233.0,159.4,2.657
2026-01-12 16:57:06,2002,Ecran,0.199,232.7,21.3,0.355
2026-01-12 16:57:06,2003,Telephone / Tablette,0.017,232.3,1.4,0.023
2026-01-12 16:57:06,2004,Cafetiere,0.0,232.3,0.0,0.0
2026-01-12 16:57:06,2005,Lampe Salle à manger,,,,
2026-01-12 16:57:06,2006,PC Portable,0.0,233.0,0.0,0.0
2026-01-12 16:57:06,2007,Lampe Cuisine,0.039,232.3,5.1,0.085
2026-01-12 16:57:06,2008,Lampe Chambre,0.038,233.4,5.1,0.085
2026-01-12 16:58:10,2001,TV Salle à manger,0.735,233.1,159.6,2.66
2026-01-12 16:58:10,2002,Ecran,0.2,232.7,21.4,0.357
2026-01-12 16:58:10,2003,Telephone / Tablette,0.017,232.4,1.3,0.022
2026-01-12 16:58:10,2004,Cafetiere,0.0,232.3,0.0,0.0
2026-01-12 16:58:10,2005,Lampe Salle à manger,,,,
2026-01-12 16:58:10,2006,PC Portable,0.0,233.0,0.0,0.0
2026-01-12 16:58:10,2007,Lampe Cuisine,0.039,232.3,5.1,0.085
2026-01-12 16:58:10,2008,Lampe Chambre,0.038,233.4,5.1,0.085
2026-01-12 16:59:13,2001,TV Salle à manger,0.735,233.1,159.6,2.66
2026-01-12 16:59:13,2002,Ecran,0.199,232.7,21.3,0.355
2026-01-12 16:59:13,2003,Telephone / Tablette,0.017,232.4,1.3,0.022
2026-01-12 16:59:13,2004,Cafetiere,0.0,232.4,0.0,0.0
2026-01-12 16:59:13,2005,Lampe Salle à manger,,,,
2026-01-12 16:59:13,2006,PC Portable,0.0,233.1,0.0,0.0
2026-01-12 16:59:13,2007,Lampe Cuisine,0.039,232.3,5.1,0.085
2026-01-12 16:59:13,2008,Lampe Chambre,0.038,233.4,5.1,0.085
2026-01-12 17:00:16,2001,TV Salle à manger,,,,
2026-01-12 17:00:16,2002,Ecran,,,,
2026-01-12 17:00:16,2003,Telephone / Tablette,,,,
2026-01-12 17:00:16,2004,Cafetiere,,,,
2026-01-12 17:00:16,2005,Lampe Salle à manger,,,,
2026-01-12 17:00:16,2006,PC Portable,,,,
2026-01-12 17:00:16,2007,Lampe Cuisine,,,,
2026-01-12 17:00:16,2008,Lampe Chambre,,,,
2026-01-12 17:01:54,2001,TV Salle à manger,,,,
2026-01-12 17:01:54,2002,Ecran,,,,
2026-01-12 17:01:54,2003,Telephone / Tablette,,,,
2026-01-12 17:01:54,2004,Cafetiere,,,,
2026-01-12 17:01:54,2005,Lampe Salle à manger,,,,
2026-01-12 17:01:54,2006,PC Portable,,,,
2026-01-12 17:01:54,2007,Lampe Cuisine,,,,
2026-01-12 17:01:54,2008,Lampe Chambre,,,,
2026-01-12 17:03:20,2001,TV Salle à manger,,,,
2026-01-12 17:03:20,2002,Ecran,,,,
2026-01-12 17:03:20,2003,Telephone / Tablette,,,,
2026-01-12 17:03:20,2004,Cafetiere,,,,
2026-01-12 17:03:20,2005,Lampe Salle à manger,,,,
2026-01-12 17:03:20,2006,PC Portable,,,,
2026-01-12 17:03:20,2007,Lampe Cuisine,,,,
2026-01-12 17:03:20,2008,Lampe Chambre,,,,
2026-01-12 17:04:45,2001,TV Salle à manger,,,,
2026-01-12 17:04:45,2002,Ecran,,,,
2026-01-12 17:04:45,2003,Telephone / Tablette,,,,
2026-01-12 17:04:45,2004,Cafetiere,,,,
2026-01-12 17:04:45,2005,Lampe Salle à manger,,,,
2026-01-12 17:04:45,2006,PC Portable,,,,
2026-01-12 17:04:45,2007,Lampe Cuisine,,,,
2026-01-12 17:04:45,2008,Lampe Chambre,,,,
2026-01-12 17:06:10,2001,TV Salle à manger,,,,
2026-01-12 17:06:10,2002,Ecran,,,,
2026-01-12 17:06:10,2003,Telephone / Tablette,,,,
2026-01-12 17:06:10,2004,Cafetiere,,,,
2026-01-12 17:06:10,2005,Lampe Salle à manger,,,,
2026-01-12 17:06:10,2006,PC Portable,,,,
2026-01-12 17:06:10,2007,Lampe Cuisine,,,,
2026-01-12 17:06:10,2008,Lampe Chambre,,,,
2026-01-12 17:07:34,2001,TV Salle à manger,,,,
2026-01-12 17:07:34,2002,Ecran,,,,
2026-01-12 17:07:34,2003,Telephone / Tablette,,,,
2026-01-12 17:07:34,2004,Cafetiere,,,,
2026-01-12 17:07:34,2005,Lampe Salle à manger,,,,
2026-01-12 17:07:34,2006,PC Portable,,,,
2026-01-12 17:07:34,2007,Lampe Cuisine,,,,
2026-01-12 17:07:34,2008,Lampe Chambre,,,,
2026-01-12 17:08:59,2001,TV Salle à manger,,,,
2026-01-12 17:08:59,2002,Ecran,,,,
2026-01-12 17:08:59,2003,Telephone / Tablette,,,,
2026-01-12 17:08:59,2004,Cafetiere,6.479,241.6,1566.0,26.1
2026-01-12 17:08:59,2005,Lampe Salle à manger,,,,
2026-01-12 17:08:59,2006,PC Portable,,,,
2026-01-12 17:08:59,2007,Lampe Cuisine,,,,
2026-01-12 17:08:59,2008,Lampe Chambre,,,,
2026-01-12 17:10:20,2001,TV Salle à manger,,,,
2026-01-12 17:10:20,2002,Ecran,,,,
2026-01-12 17:10:20,2003,Telephone / Tablette,,,,
2026-01-12 17:10:20,2004,Cafetiere,0.0,242.3,0.0,0.0
2026-01-12 17:10:20,2005,Lampe Salle à manger,,,,
2026-01-12 17:10:20,2006,PC Portable,,,,
2026-01-12 17:10:20,2007,Lampe Cuisine,,,,
2026-01-12 17:10:20,2008,Lampe Chambre,,,,
2026-01-12 17:11:42,2001,TV Salle à manger,,,,
2026-01-12 17:11:42,2002,Ecran,,,,
2026-01-12 17:11:42,2003,Telephone / Tablette,,,,
2026-01-12 17:11:42,2004,Cafetiere,0.0,243.2,0.0,0.0
2026-01-12 17:11:42,2005,Lampe Salle à manger,,,,
2026-01-12 17:11:42,2006,PC Portable,,,,
2026-01-12 17:11:42,2007,Lampe Cuisine,,,,
2026-01-12 17:11:42,2008,Lampe Chambre,,,,
2026-01-12 17:13:03,2001,TV Salle à manger,,,,
2026-01-12 17:13:03,2002,Ecran,,,,
2026-01-12 17:13:03,2003,Telephone / Tablette,,,,
2026-01-12 17:13:03,2004,Cafetiere,0.0,243.4,0.0,0.0
2026-01-12 17:13:03,2005,Lampe Salle à manger,,,,
2026-01-12 17:13:03,2006,PC Portable,,,,
2026-01-12 17:13:03,2007,Lampe Cuisine,,,,
2026-01-12 17:13:03,2008,Lampe Chambre,,,,
2026-01-12 17:14:25,2001,TV Salle à manger,,,,
2026-01-12 17:14:25,2002,Ecran,,,,
2026-01-12 17:14:25,2003,Telephone / Tablette,,,,
2026-01-12 17:14:25,2004,Cafetiere,0.0,244.1,0.0,0.0
2026-01-12 17:14:25,2005,Lampe Salle à manger,,,,
2026-01-12 17:14:25,2006,PC Portable,,,,
2026-01-12 17:14:25,2007,Lampe Cuisine,,,,
2026-01-12 17:14:25,2008,Lampe Chambre,,,,
2026-01-12 17:15:47,2001,TV Salle à manger,,,,
2026-01-12 17:15:47,2002,Ecran,,,,
2026-01-12 17:15:47,2003,Telephone / Tablette,,,,
2026-01-12 17:15:47,2004,Cafetiere,0.0,242.7,0.0,0.0
2026-01-12 17:15:47,2005,Lampe Salle à manger,,,,
2026-01-12 17:15:47,2006,PC Portable,,,,
2026-01-12 17:15:47,2007,Lampe Cuisine,,,,
2026-01-12 17:15:47,2008,Lampe Chambre,,,,
2026-01-12 17:17:08,2001,TV Salle à manger,,,,
2026-01-12 17:17:08,2002,Ecran,,,,
2026-01-12 17:17:08,2003,Telephone / Tablette,,,,
2026-01-12 17:17:08,2004,Cafetiere,0.0,243.3,0.0,0.0
2026-01-12 17:17:08,2005,Lampe Salle à manger,,,,
2026-01-12 17:17:08,2006,PC Portable,,,,
2026-01-12 17:17:08,2007,Lampe Cuisine,,,,
2026-01-12 17:17:08,2008,Lampe Chambre,,,,
2026-01-12 17:18:30,2001,TV Salle à manger,,,,
2026-01-12 17:18:30,2002,Ecran,,,,
2026-01-12 17:18:30,2003,Telephone / Tablette,,,,
2026-01-12 17:18:30,2004,Cafetiere,0.0,242.8,0.0,0.0
2026-01-12 17:18:30,2005,Lampe Salle à manger,,,,
2026-01-12 17:18:30,2006,PC Portable,,,,
2026-01-12 17:18:30,2007,Lampe Cuisine,,,,
2026-01-12 17:18:30,2008,Lampe Chambre,,,,
2026-01-12 17:19:51,2001,TV Salle à manger,,,,
2026-01-12 17:19:51,2002,Ecran,,,,
2026-01-12 17:19:51,2003,Telephone / Tablette,,,,
2026-01-12 17:19:51,2004,Cafetiere,0.0,242.3,0.0,0.0
2026-01-12 17:19:51,2005,Lampe Salle à manger,,,,
2026-01-12 17:19:51,2006,PC Portable,,,,
2026-01-12 17:19:51,2007,Lampe Cuisine,,,,
2026-01-12 17:19:51,2008,Lampe Chambre,,,,
2026-01-12 17:21:13,2001,TV Salle à manger,,,,
2026-01-12 17:21:13,2002,Ecran,,,,
2026-01-12 17:21:13,2003,Telephone / Tablette,,,,
2026-01-12 17:21:13,2004,Cafetiere,0.0,242.0,0.0,0.0
2026-01-12 17:21:13,2005,Lampe Salle à manger,,,,
2026-01-12 17:21:13,2006,PC Portable,,,,
2026-01-12 17:21:13,2007,Lampe Cuisine,,,,
2026-01-12 17:21:13,2008,Lampe Chambre,,,,
2026-01-12 17:22:34,2001,TV Salle à manger,,,,
2026-01-12 17:22:34,2002,Ecran,,,,
2026-01-12 17:22:34,2003,Telephone / Tablette,,,,
2026-01-12 17:22:34,2004,Cafetiere,0.0,242.9,0.0,0.0
2026-01-12 17:22:34,2005,Lampe Salle à manger,,,,
2026-01-12 17:22:34,2006,PC Portable,,,,
2026-01-12 17:22:34,2007,Lampe Cuisine,,,,
2026-01-12 17:22:34,2008,Lampe Chambre,,,,
2026-01-12 17:23:56,2001,TV Salle à manger,,,,
2026-01-12 17:23:56,2002,Ecran,,,,
2026-01-12 17:23:56,2003,Telephone / Tablette,,,,
2026-01-12 17:23:56,2004,Cafetiere,0.0,242.9,0.0,0.0
2026-01-12 17:23:56,2005,Lampe Salle à manger,,,,
2026-01-12 17:23:56,2006,PC Portable,,,,
2026-01-12 17:23:56,2007,Lampe Cuisine,,,,
2026-01-12 17:23:56,2008,Lampe Chambre,,,,
2026-01-12 17:25:17,2001,TV Salle à manger,,,,
2026-01-12 17:25:17,2002,Ecran,,,,
2026-01-12 17:25:17,2003,Telephone / Tablette,,,,
2026-01-12 17:25:17,2004,Cafetiere,0.0,241.8,0.0,0.0
2026-01-12 17:25:17,2005,Lampe Salle à manger,,,,
2026-01-12 17:25:17,2006,PC Portable,,,,
2026-01-12 17:25:17,2007,Lampe Cuisine,,,,
2026-01-12 17:25:17,2008,Lampe Chambre,,,,
2026-01-12 17:26:39,2001,TV Salle à manger,0.0,240.1,0.0,0.0
2026-01-12 17:26:39,2002,Ecran,0.0,239.8,0.0,0.0
2026-01-12 17:26:39,2003,Telephone / Tablette,0.0,239.4,0.0,0.0
2026-01-12 17:26:39,2004,Cafetiere,0.0,242.2,0.0,0.0
2026-01-12 17:26:39,2005,Lampe Salle à manger,,,,
2026-01-12 17:26:39,2006,PC Portable,0.0,240.4,0.0,0.0
2026-01-12 17:26:39,2007,Lampe Cuisine,0.0,239.5,0.0,0.0
2026-01-12 17:26:39,2008,Lampe Chambre,0.0,240.7,0.0,0.0
2026-01-12 17:27:44,2001,TV Salle à manger,0.711,240.5,159.1,2.652
2026-01-12 17:27:44,2002,Ecran,0.171,239.9,21.6,0.36
2026-01-12 17:27:44,2003,Telephone / Tablette,0.012,239.7,1.3,0.022
2026-01-12 17:27:44,2004,Cafetiere,0.0,242.7,0.0,0.0
2026-01-12 17:27:44,2005,Lampe Salle à manger,,,,
2026-01-12 17:27:44,2006,PC Portable,0.0,240.6,0.0,0.0
2026-01-12 17:27:44,2007,Lampe Cuisine,0.0,239.7,0.0,0.0
2026-01-12 17:27:44,2008,Lampe Chambre,0.036,240.9,5.2,0.087
2026-01-12 17:28:47,2001,TV Salle à manger,0.707,239.6,157.6,2.627
2026-01-12 17:28:47,2002,Ecran,0.172,239.5,21.6,0.36
2026-01-12 17:28:47,2003,Telephone / Tablette,0.012,238.8,1.3,0.022
2026-01-12 17:28:47,2004,Cafetiere,0.0,242.1,0.0,0.0
2026-01-12 17:28:47,2005,Lampe Salle à manger,,,,
2026-01-12 17:28:47,2006,PC Portable,0.0,239.9,0.0,0.0
2026-01-12 17:28:47,2007,Lampe Cuisine,0.0,239.0,0.0,0.0
2026-01-12 17:28:47,2008,Lampe Chambre,0.036,240.3,5.2,0.087
2026-01-12 17:29:50,2001,TV Salle à manger,0.708,239.5,157.7,2.628
2026-01-12 17:29:50,2002,Ecran,0.169,239.3,21.4,0.357
2026-01-12 17:29:50,2003,Telephone / Tablette,0.013,238.7,1.4,0.023
2026-01-12 17:29:50,2004,Cafetiere,0.0,241.8,0.0,0.0
2026-01-12 17:29:50,2005,Lampe Salle à manger,,,,
2026-01-12 17:29:50,2006,PC Portable,0.0,239.4,0.0,0.0
2026-01-12 17:29:50,2007,Lampe Cuisine,0.0,238.5,0.0,0.0
2026-01-12 17:29:50,2008,Lampe Chambre,0.036,239.7,5.2,0.087
2026-01-12 17:30:54,2001,TV Salle à manger,0.71,238.9,157.9,2.632
2026-01-12 17:30:54,2002,Ecran,0.17,238.5,21.3,0.355
2026-01-12 17:30:54,2003,Telephone / Tablette,0.012,238.2,1.3,0.022
2026-01-12 17:30:54,2004,Cafetiere,0.0,241.2,0.0,0.0
2026-01-12 17:30:54,2005,Lampe Salle à manger,,,,
2026-01-12 17:30:54,2006,PC Portable,0.0,238.7,0.0,0.0
2026-01-12 17:30:54,2007,Lampe Cuisine,0.0,237.8,0.0,0.0
2026-01-12 17:30:54,2008,Lampe Chambre,0.036,239.0,5.1,0.085
2026-01-12 17:31:57,2001,TV Salle à manger,0.706,239.6,157.4,2.623
2026-01-12 17:31:57,2002,Ecran,0.171,239.3,21.4,0.357
2026-01-12 17:31:57,2003,Telephone / Tablette,0.012,238.8,1.3,0.022
2026-01-12 17:31:57,2004,Cafetiere,0.0,241.8,0.0,0.0
2026-01-12 17:31:57,2005,Lampe Salle à manger,,,,
2026-01-12 17:31:57,2006,PC Portable,0.0,241.0,0.0,0.0
2026-01-12 17:31:57,2007,Lampe Cuisine,0.0,240.1,0.0,0.0
2026-01-12 17:31:57,2008,Lampe Chambre,0.036,241.2,5.2,0.087
2026-01-12 17:33:00,2001,TV Salle à manger,0.706,239.3,157.0,2.617
2026-01-12 17:33:00,2002,Ecran,0.17,239.0,21.4,0.357
2026-01-12 17:33:00,2003,Telephone / Tablette,0.012,238.4,1.3,0.022
2026-01-12 17:33:00,2004,Cafetiere,0.0,241.5,0.0,0.0
2026-01-12 17:33:00,2005,Lampe Salle à manger,,,,
2026-01-12 17:33:00,2006,PC Portable,0.0,239.1,0.0,0.0
2026-01-12 17:33:00,2007,Lampe Cuisine,0.0,238.3,0.0,0.0
2026-01-12 17:33:00,2008,Lampe Chambre,0.036,239.5,5.2,0.087
2026-01-12 17:34:04,2001,TV Salle à manger,0.706,239.9,157.4,2.623
2026-01-12 17:34:04,2002,Ecran,0.17,239.5,21.4,0.357
2026-01-12 17:34:04,2003,Telephone / Tablette,0.012,239.0,1.4,0.023
2026-01-12 17:34:04,2004,Cafetiere,0.0,242.1,0.0,0.0
2026-01-12 17:34:04,2005,Lampe Salle à manger,,,,
2026-01-12 17:34:04,2006,PC Portable,0.0,239.7,0.0,0.0
2026-01-12 17:34:04,2007,Lampe Cuisine,0.0,238.9,0.0,0.0
2026-01-12 17:34:04,2008,Lampe Chambre,0.036,240.0,5.2,0.087
2026-01-12 17:35:07,2001,TV Salle à manger,0.706,239.6,157.3,2.622
2026-01-12 17:35:07,2002,Ecran,0.171,239.3,21.4,0.357
2026-01-12 17:35:07,2003,Telephone / Tablette,0.013,238.8,1.3,0.022
2026-01-12 17:35:07,2004,Cafetiere,0.0,241.8,0.0,0.0
2026-01-12 17:35:07,2005,Lampe Salle à manger,,,,
2026-01-12 17:35:07,2006,PC Portable,0.0,239.2,0.0,0.0
2026-01-12 17:35:07,2007,Lampe Cuisine,0.0,238.3,0.0,0.0
2026-01-12 17:35:07,2008,Lampe Chambre,0.036,239.5,5.2,0.087
2026-01-12 17:36:10,2001,TV Salle à manger,0.707,239.0,157.1,2.618
2026-01-12 17:36:10,2002,Ecran,0.17,238.7,21.3,0.355
2026-01-12 17:36:10,2003,Telephone / Tablette,0.01,238.1,1.1,0.018
2026-01-12 17:36:10,2004,Cafetiere,0.0,241.2,0.0,0.0
2026-01-12 17:36:10,2005,Lampe Salle à manger,,,,
2026-01-12 17:36:10,2006,PC Portable,0.0,239.2,0.0,0.0
2026-01-12 17:36:10,2007,Lampe Cuisine,0.0,238.3,0.0,0.0
2026-01-12 17:36:10,2008,Lampe Chambre,0.036,239.5,5.1,0.085
2026-01-12 17:37:13,2001,TV Salle à manger,0.707,238.9,156.9,2.615
2026-01-12 17:37:13,2002,Ecran,0.171,238.7,21.4,0.357
2026-01-12 17:37:13,2003,Telephone / Tablette,0.013,238.2,1.3,0.022
2026-01-12 17:37:13,2004,Cafetiere,0.0,241.2,0.0,0.0
2026-01-12 17:37:13,2005,Lampe Salle à manger,,,,
2026-01-12 17:37:13,2006,PC Portable,0.0,238.4,0.0,0.0
2026-01-12 17:37:13,2007,Lampe Cuisine,0.0,237.5,0.0,0.0
2026-01-12 17:37:13,2008,Lampe Chambre,0.036,238.7,5.2,0.087
2026-01-12 17:38:17,2001,TV Salle à manger,0.712,239.4,158.5,2.642
2026-01-12 17:38:17,2002,Ecran,0.17,239.1,21.3,0.355
2026-01-12 17:38:17,2003,Telephone / Tablette,0.012,238.6,1.3,0.022
2026-01-12 17:38:17,2004,Cafetiere,0.0,241.6,0.0,0.0
2026-01-12 17:38:17,2005,Lampe Salle à manger,,,,
2026-01-12 17:38:17,2006,PC Portable,0.0,239.4,0.0,0.0
2026-01-12 17:38:17,2007,Lampe Cuisine,0.0,238.5,0.0,0.0
2026-01-12 17:38:17,2008,Lampe Chambre,0.036,239.7,5.1,0.085
2026-01-12 17:39:20,2001,TV Salle à manger,0.715,238.3,158.5,2.642
2026-01-12 17:39:20,2002,Ecran,0.172,238.0,21.3,0.355
2026-01-12 17:39:20,2003,Telephone / Tablette,0.012,237.6,1.3,0.022
2026-01-12 17:39:20,2004,Cafetiere,0.0,240.6,0.0,0.0
2026-01-12 17:39:20,2005,Lampe Salle à manger,,,,
2026-01-12 17:39:20,2006,PC Portable,0.0,238.2,0.0,0.0
2026-01-12 17:39:20,2007,Lampe Cuisine,0.0,237.2,0.0,0.0
2026-01-12 17:39:20,2008,Lampe Chambre,0.036,238.5,5.2,0.087
2026-01-12 17:40:23,2001,TV Salle à manger,0.713,238.7,158.3,2.638
2026-01-12 17:40:23,2002,Ecran,0.172,238.2,21.4,0.357
2026-01-12 17:40:23,2003,Telephone / Tablette,0.012,237.8,1.4,0.023
2026-01-12 17:40:23,2004,Cafetiere,0.0,240.9,0.0,0.0
2026-01-12 17:40:23,2005,Lampe Salle à manger,,,,
2026-01-12 17:40:23,2006,PC Portable,0.0,238.6,0.0,0.0
2026-01-12 17:40:23,2007,Lampe Cuisine,0.0,237.7,0.0,0.0
2026-01-12 17:40:23,2008,Lampe Chambre,0.036,239.0,5.2,0.087
2026-01-12 17:41:27,2001,TV Salle à manger,0.712,238.6,158.0,2.633
2026-01-12 17:41:27,2002,Ecran,0.172,238.3,21.3,0.355
2026-01-12 17:41:27,2003,Telephone / Tablette,0.012,237.8,1.3,0.022
2026-01-12 17:41:27,2004,Cafetiere,0.0,240.8,0.0,0.0
2026-01-12 17:41:27,2005,Lampe Salle à manger,,,,
2026-01-12 17:41:27,2006,PC Portable,0.0,238.7,0.0,0.0
2026-01-12 17:41:27,2007,Lampe Cuisine,0.0,237.9,0.0,0.0
2026-01-12 17:41:27,2008,Lampe Chambre,0.036,239.2,5.2,0.087
2026-01-12 17:42:30,2001,TV Salle à manger,0.71,239.6,158.0,2.633
2026-01-12 17:42:30,2002,Ecran,0.171,239.3,21.3,0.355
2026-01-12 17:42:30,2003,Telephone / Tablette,0.013,238.9,1.3,0.022
2026-01-12 17:42:30,2004,Cafetiere,0.0,241.8,0.0,0.0
2026-01-12 17:42:30,2005,Lampe Salle à manger,,,,
2026-01-12 17:42:30,2006,PC Portable,0.0,239.2,0.0,0.0
2026-01-12 17:42:30,2007,Lampe Cuisine,0.0,238.4,0.0,0.0
2026-01-12 17:42:30,2008,Lampe Chambre,0.037,239.6,5.3,0.088
2026-01-12 17:43:33,2001,TV Salle à manger,0.711,239.3,158.1,2.635
2026-01-12 17:43:33,2002,Ecran,0.174,238.9,21.4,0.357
2026-01-12 17:43:33,2003,Telephone / Tablette,0.012,238.5,1.2,0.02
2026-01-12 17:43:33,2004,Cafetiere,0.0,241.5,0.0,0.0
2026-01-12 17:43:33,2005,Lampe Salle à manger,,,,
2026-01-12 17:43:33,2006,PC Portable,0.0,238.8,0.0,0.0
2026-01-12 17:43:33,2007,Lampe Cuisine,0.0,237.9,0.0,0.0
2026-01-12 17:43:33,2008,Lampe Chambre,0.036,239.2,5.2,0.087
2026-01-12 17:44:36,2001,TV Salle à manger,0.712,240.0,158.9,2.648
2026-01-12 17:44:36,2002,Ecran,0.17,239.7,21.3,0.355
2026-01-12 17:44:36,2003,Telephone / Tablette,0.012,239.2,1.2,0.02
2026-01-12 17:44:36,2004,Cafetiere,0.0,242.1,0.0,0.0
2026-01-12 17:44:36,2005,Lampe Salle à manger,,,,
2026-01-12 17:44:36,2006,PC Portable,0.0,240.1,0.0,0.0
2026-01-12 17:44:36,2007,Lampe Cuisine,0.0,239.2,0.0,0.0
2026-01-12 17:44:36,2008,Lampe Chambre,0.036,240.5,5.3,0.088
2026-01-12 17:45:40,2001,TV Salle à manger,0.715,238.4,158.6,2.643
2026-01-12 17:45:40,2002,Ecran,0.17,238.1,21.3,0.355
2026-01-12 17:45:40,2003,Telephone / Tablette,0.012,237.6,1.3,0.022
2026-01-12 17:45:40,2004,Cafetiere,0.0,240.7,0.0,0.0
2026-01-12 17:45:40,2005,Lampe Salle à manger,,,,
2026-01-12 17:45:40,2006,PC Portable,0.0,238.7,0.0,0.0
2026-01-12 17:45:40,2007,Lampe Cuisine,0.0,237.8,0.0,0.0
2026-01-12 17:45:40,2008,Lampe Chambre,0.036,239.2,5.2,0.087
2026-01-12 17:46:43,2001,TV Salle à manger,0.713,239.5,158.8,2.647
2026-01-12 17:46:43,2002,Ecran,0.17,239.2,21.3,0.355
2026-01-12 17:46:43,2003,Telephone / Tablette,0.012,238.7,1.2,0.02
2026-01-12 17:46:43,2004,Cafetiere,0.0,241.6,0.0,0.0
2026-01-12 17:46:43,2005,Lampe Salle à manger,,,,
2026-01-12 17:46:43,2006,PC Portable,0.0,239.5,0.0,0.0
2026-01-12 17:46:43,2007,Lampe Cuisine,0.0,238.6,0.0,0.0
2026-01-12 17:46:43,2008,Lampe Chambre,0.036,239.9,5.2,0.087
2026-01-12 17:47:46,2001,TV Salle à manger,0.717,238.4,158.9,2.648
2026-01-12 17:47:46,2002,Ecran,0.171,238.3,21.3,0.355
2026-01-12 17:47:46,2003,Telephone / Tablette,0.012,237.6,1.3,0.022
2026-01-12 17:47:46,2004,Cafetiere,0.0,240.5,0.0,0.0
2026-01-12 17:47:46,2005,Lampe Salle à manger,,,,
2026-01-12 17:47:46,2006,PC Portable,0.0,238.5,0.0,0.0
2026-01-12 17:47:46,2007,Lampe Cuisine,0.0,237.6,0.0,0.0
2026-01-12 17:47:46,2008,Lampe Chambre,0.036,238.8,5.1,0.085
2026-01-12 17:48:50,2001,TV Salle à manger,0.708,240.7,158.3,2.638
2026-01-12 17:48:50,2002,Ecran,0.169,240.3,21.3,0.355
2026-01-12 17:48:50,2003,Telephone / Tablette,0.012,239.9,1.4,0.023
2026-01-12 17:48:50,2004,Cafetiere,0.0,242.1,0.0,0.0
2026-01-12 17:48:50,2005,Lampe Salle à manger,,,,
2026-01-12 17:48:50,2006,PC Portable,0.0,240.5,0.0,0.0
2026-01-12 17:48:50,2007,Lampe Cuisine,0.0,239.5,0.0,0.0
2026-01-12 17:48:50,2008,Lampe Chambre,0.036,240.9,5.3,0.088
2026-01-12 17:49:53,2001,TV Salle à manger,0.714,239.7,159.0,2.65
2026-01-12 17:49:53,2002,Ecran,0.171,239.4,21.4,0.357
2026-01-12 17:49:53,2003,Telephone / Tablette,0.012,238.8,1.3,0.022
2026-01-12 17:49:53,2004,Cafetiere,0.0,240.9,0.0,0.0
2026-01-12 17:49:53,2005,Lampe Salle à manger,,,,
2026-01-12 17:49:53,2006,PC Portable,0.0,239.9,0.0,0.0
2026-01-12 17:49:53,2007,Lampe Cuisine,0.0,239.0,0.0,0.0
2026-01-12 17:49:53,2008,Lampe Chambre,0.036,240.3,5.3,0.088
2026-01-12 17:50:56,2001,TV Salle à manger,0.706,240.9,158.0,2.633
2026-01-12 17:50:56,2002,Ecran,0.172,240.5,21.4,0.357
2026-01-12 17:50:56,2003,Telephone / Tablette,0.012,240.0,1.3,0.022
2026-01-12 17:50:56,2004,Cafetiere,0.0,242.2,0.0,0.0
2026-01-12 17:50:56,2005,Lampe Salle à manger,,,,
2026-01-12 17:50:56,2006,PC Portable,0.0,240.9,0.0,0.0
2026-01-12 17:50:56,2007,Lampe Cuisine,0.0,240.0,0.0,0.0
2026-01-12 17:50:56,2008,Lampe Chambre,0.036,241.2,5.2,0.087
2026-01-12 17:51:59,2001,TV Salle à manger,0.707,240.5,158.0,2.633
2026-01-12 17:51:59,2002,Ecran,0.17,240.2,21.4,0.357
2026-01-12 17:51:59,2003,Telephone / Tablette,0.012,239.7,1.2,0.02
2026-01-12 17:51:59,2004,Cafetiere,0.0,240.7,0.0,0.0
2026-01-12 17:51:59,2005,Lampe Salle à manger,,,,
2026-01-12 17:51:59,2006,PC Portable,0.0,241.0,0.0,0.0
2026-01-12 17:51:59,2007,Lampe Cuisine,0.0,240.1,0.0,0.0
2026-01-12 17:51:59,2008,Lampe Chambre,0.036,241.4,5.3,0.088
2026-01-12 17:53:03,2001,TV Salle à manger,0.703,242.0,157.9,2.632
2026-01-12 17:53:03,2002,Ecran,0.17,241.6,21.3,0.355
2026-01-12 17:53:03,2003,Telephone / Tablette,0.013,241.1,1.3,0.022
2026-01-12 17:53:03,2004,Cafetiere,0.0,242.1,0.0,0.0
2026-01-12 17:53:03,2005,Lampe Salle à manger,,,,
2026-01-12 17:53:03,2006,PC Portable,0.0,241.7,0.0,0.0
2026-01-12 17:53:03,2007,Lampe Cuisine,0.0,241.1,0.0,0.0
2026-01-12 17:53:03,2008,Lampe Chambre,0.036,242.4,5.2,0.087
2026-01-12 17:54:06,2001,TV Salle à manger,0.71,240.5,158.7,2.645
2026-01-12 17:54:06,2002,Ecran,0.172,240.1,21.4,0.357
2026-01-12 17:54:06,2003,Telephone / Tablette,0.013,239.7,1.3,0.022
2026-01-12 17:54:06,2004,Cafetiere,0.0,240.7,0.0,0.0
2026-01-12 17:54:06,2005,Lampe Salle à manger,,,,
2026-01-12 17:54:06,2006,PC Portable,0.0,240.5,0.0,0.0
2026-01-12 17:54:06,2007,Lampe Cuisine,0.0,239.6,0.0,0.0
2026-01-12 17:54:06,2008,Lampe Chambre,0.036,241.0,5.3,0.088
2026-01-12 17:55:09,2001,TV Salle à manger,0.703,242.4,158.1,2.635
2026-01-12 17:55:09,2002,Ecran,0.17,242.0,21.4,0.357
2026-01-12 17:55:09,2003,Telephone / Tablette,0.013,241.7,1.3,0.022
2026-01-12 17:55:09,2004,Cafetiere,0.0,242.7,0.0,0.0
2026-01-12 17:55:09,2005,Lampe Salle à manger,,,,
2026-01-12 17:55:09,2006,PC Portable,0.0,242.2,0.0,0.0
2026-01-12 17:55:09,2007,Lampe Cuisine,0.0,241.2,0.0,0.0
2026-01-12 17:55:09,2008,Lampe Chambre,0.036,242.6,5.3,0.088
2026-01-12 17:56:13,2001,TV Salle à manger,0.71,240.9,158.8,2.647
2026-01-12 17:56:13,2002,Ecran,0.171,240.5,21.3,0.355
2026-01-12 17:56:13,2003,Telephone / Tablette,0.013,240.1,1.3,0.022
2026-01-12 17:56:13,2004,Cafetiere,0.0,241.1,0.0,0.0
2026-01-12 17:56:13,2005,Lampe Salle à manger,,,,
2026-01-12 17:56:13,2006,PC Portable,0.0,240.7,0.0,0.0
2026-01-12 17:56:13,2007,Lampe Cuisine,0.0,239.9,0.0,0.0
2026-01-12 17:56:13,2008,Lampe Chambre,0.036,241.1,5.2,0.087
2026-01-12 17:57:16,2001,TV Salle à manger,0.704,242.6,158.4,2.64
2026-01-12 17:57:16,2002,Ecran,0.17,242.1,21.4,0.357
2026-01-12 17:57:16,2003,Telephone / Tablette,0.012,241.7,1.3,0.022
2026-01-12 17:57:16,2004,Cafetiere,0.0,242.7,0.0,0.0
2026-01-12 17:57:16,2005,Lampe Salle à manger,,,,
2026-01-12 17:57:16,2006,PC Portable,0.0,241.9,0.0,0.0
2026-01-12 17:57:16,2007,Lampe Cuisine,0.0,241.1,0.0,0.0
2026-01-12 17:57:16,2008,Lampe Chambre,0.037,242.3,5.3,0.088
2026-01-12 17:58:19,2001,TV Salle à manger,0.71,240.8,158.8,2.647
2026-01-12 17:58:19,2002,Ecran,0.17,240.4,21.4,0.357
2026-01-12 17:58:19,2003,Telephone / Tablette,0.012,240.0,1.3,0.022
2026-01-12 17:58:19,2004,Cafetiere,0.0,241.1,0.0,0.0
2026-01-12 17:58:19,2005,Lampe Salle à manger,,,,
2026-01-12 17:58:19,2006,PC Portable,0.0,241.1,0.0,0.0
2026-01-12 17:58:19,2007,Lampe Cuisine,0.0,240.3,0.0,0.0
2026-01-12 17:58:19,2008,Lampe Chambre,0.036,241.6,5.3,0.088
2026-01-12 17:59:23,2001,TV Salle à manger,0.707,241.2,158.4,2.64
2026-01-12 17:59:23,2002,Ecran,0.17,240.8,21.4,0.357
2026-01-12 17:59:23,2003,Telephone / Tablette,0.012,240.4,1.3,0.022
2026-01-12 17:59:23,2004,Cafetiere,0.0,241.4,0.0,0.0
2026-01-12 17:59:23,2005,Lampe Salle à manger,,,,
2026-01-12 17:59:23,2006,PC Portable,0.0,241.4,0.0,0.0
2026-01-12 17:59:23,2007,Lampe Cuisine,0.0,240.8,0.0,0.0
2026-01-12 17:59:23,2008,Lampe Chambre,0.036,241.9,5.3,0.088
2026-01-12 18:00:26,2001,TV Salle à manger,0.708,240.7,158.4,2.64
2026-01-12 18:00:26,2002,Ecran,0.173,240.3,21.3,0.355
2026-01-12 18:00:26,2003,Telephone / Tablette,0.013,239.8,1.4,0.023
2026-01-12 18:00:26,2004,Cafetiere,0.0,240.7,0.0,0.0
2026-01-12 18:00:26,2005,Lampe Salle à manger,,,,
2026-01-12 18:00:26,2006,PC Portable,0.0,240.6,0.0,0.0
2026-01-12 18:00:26,2007,Lampe Cuisine,0.0,239.7,0.0,0.0
2026-01-12 18:00:26,2008,Lampe Chambre,0.036,240.9,5.2,0.087
2026-01-12 18:01:29,2001,TV Salle à manger,0.704,242.6,158.4,2.64
2026-01-12 18:01:29,2002,Ecran,0.17,242.1,21.4,0.357
2026-01-12 18:01:29,2003,Telephone / Tablette,0.013,241.6,1.3,0.022
2026-01-12 18:01:29,2004,Cafetiere,0.0,242.7,0.0,0.0
2026-01-12 18:01:29,2005,Lampe Salle à manger,,,,
2026-01-12 18:01:29,2006,PC Portable,0.0,242.4,0.0,0.0
2026-01-12 18:01:29,2007,Lampe Cuisine,0.0,241.5,0.0,0.0
2026-01-12 18:01:29,2008,Lampe Chambre,0.036,242.8,5.3,0.088
2026-01-12 18:02:32,2001,TV Salle à manger,0.709,240.9,158.8,2.647
2026-01-12 18:02:32,2002,Ecran,0.17,240.5,21.3,0.355
2026-01-12 18:02:32,2003,Telephone / Tablette,0.013,240.2,1.4,0.023
2026-01-12 18:02:32,2004,Cafetiere,0.0,241.1,0.0,0.0
2026-01-12 18:02:32,2005,Lampe Salle à manger,,,,
2026-01-12 18:02:32,2006,PC Portable,0.0,240.7,0.0,0.0
2026-01-12 18:02:32,2007,Lampe Cuisine,0.0,239.8,0.0,0.0
2026-01-12 18:02:32,2008,Lampe Chambre,0.036,241.1,5.3,0.088
2026-01-12 18:03:36,2001,TV Salle à manger,0.704,242.1,158.1,2.635
2026-01-12 18:03:36,2002,Ecran,0.171,241.8,21.4,0.357
2026-01-12 18:03:36,2003,Telephone / Tablette,0.012,241.4,1.3,0.022
2026-01-12 18:03:36,2004,Cafetiere,0.0,242.3,0.0,0.0
2026-01-12 18:03:36,2005,Lampe Salle à manger,,,,
2026-01-12 18:03:36,2006,PC Portable,0.324,242.0,41.9,0.698
2026-01-12 18:03:36,2007,Lampe Cuisine,0.0,241.1,0.0,0.0
2026-01-12 18:03:36,2008,Lampe Chambre,0.036,242.5,5.2,0.087
2026-01-12 18:04:39,2001,TV Salle à manger,0.707,241.4,158.6,2.643
2026-01-12 18:04:39,2002,Ecran,0.172,240.9,21.4,0.357
2026-01-12 18:04:39,2003,Telephone / Tablette,0.012,240.6,1.3,0.022
2026-01-12 18:04:39,2004,Cafetiere,0.0,241.7,0.0,0.0
2026-01-12 18:04:39,2005,Lampe Salle à manger,,,,
2026-01-12 18:04:39,2006,PC Portable,0.328,241.1,42.5,0.708
2026-01-12 18:04:39,2007,Lampe Cuisine,0.0,240.2,0.0,0.0
2026-01-12 18:04:39,2008,Lampe Chambre,0.036,241.6,5.3,0.088
2026-01-12 18:05:43,2001,TV Salle à manger,0.708,240.9,158.4,2.64
2026-01-12 18:05:43,2002,Ecran,0.171,240.5,21.4,0.357
2026-01-12 18:05:43,2003,Telephone / Tablette,0.013,240.1,1.4,0.023
2026-01-12 18:05:43,2004,Cafetiere,0.0,241.2,0.0,0.0
2026-01-12 18:05:43,2005,Lampe Salle à manger,,,,
2026-01-12 18:05:43,2006,PC Portable,0.334,241.3,43.6,0.727
2026-01-12 18:05:43,2007,Lampe Cuisine,0.0,240.4,0.0,0.0
2026-01-12 18:05:43,2008,Lampe Chambre,0.036,241.7,5.3,0.088
2026-01-12 18:06:46,2001,TV Salle à manger,0.71,240.2,158.4,2.64
2026-01-12 18:06:46,2002,Ecran,0.173,239.7,21.4,0.357
2026-01-12 18:06:46,2003,Telephone / Tablette,0.013,239.4,1.3,0.022
2026-01-12 18:06:46,2004,Cafetiere,0.0,240.5,0.0,0.0
2026-01-12 18:06:46,2005,Lampe Salle à manger,,,,
2026-01-12 18:06:46,2006,PC Portable,0.331,240.0,42.7,0.712
2026-01-12 18:06:46,2007,Lampe Cuisine,0.0,239.2,0.0,0.0
2026-01-12 18:06:46,2008,Lampe Chambre,0.036,240.5,5.3,0.088
2026-01-12 18:07:49,2001,TV Salle à manger,0.708,241.4,158.6,2.643
2026-01-12 18:07:49,2002,Ecran,0.173,240.9,21.3,0.355
2026-01-12 18:07:49,2003,Telephone / Tablette,0.012,240.4,1.2,0.02
2026-01-12 18:07:49,2004,Cafetiere,0.0,241.6,0.0,0.0
2026-01-12 18:07:49,2005,Lampe Salle à manger,,,,
2026-01-12 18:07:49,2006,PC Portable,0.349,241.3,45.4,0.757
2026-01-12 18:07:49,2007,Lampe Cuisine,0.0,240.4,0.0,0.0
2026-01-12 18:07:49,2008,Lampe Chambre,0.036,241.9,5.2,0.087
2026-01-12 18:08:53,2001,TV Salle à manger,0.709,240.8,158.5,2.642
2026-01-12 18:08:53,2002,Ecran,0.172,240.4,21.3,0.355
2026-01-12 18:08:53,2003,Telephone / Tablette,0.012,240.1,1.2,0.02
2026-01-12 18:08:53,2004,Cafetiere,0.0,241.1,0.0,0.0
2026-01-12 18:08:53,2005,Lampe Salle à manger,,,,
2026-01-12 18:08:53,2006,PC Portable,0.344,240.7,44.7,0.745
2026-01-12 18:08:53,2007,Lampe Cuisine,0.0,239.8,0.0,0.0
2026-01-12 18:08:53,2008,Lampe Chambre,0.036,240.9,5.3,0.088
2026-01-12 18:10:01,2001,TV Salle à manger,0.712,239.6,158.5,2.642
2026-01-12 18:10:01,2002,Ecran,0.174,239.1,21.4,0.357
2026-01-12 18:10:01,2003,Telephone / Tablette,0.013,238.9,1.3,0.022
2026-01-12 18:10:01,2004,Cafetiere,0.0,239.9,0.0,0.0
2026-01-12 18:10:01,2005,Lampe Salle à manger,,,,
2026-01-12 18:10:01,2006,PC Portable,0.352,240.3,45.0,0.75
2026-01-12 18:10:01,2007,Lampe Cuisine,0.0,239.4,0.0,0.0
2026-01-12 18:10:01,2008,Lampe Chambre,0.036,241.0,5.3,0.088
2026-01-12 18:11:04,2001,TV Salle à manger,0.709,240.9,158.6,2.643
2026-01-12 18:11:04,2002,Ecran,0.173,240.5,21.5,0.358
2026-01-12 18:11:04,2003,Telephone / Tablette,0.013,240.1,1.4,0.023
2026-01-12 18:11:04,2004,Cafetiere,0.0,241.2,0.0,0.0
2026-01-12 18:11:04,2005,Lampe Salle à manger,,,,
2026-01-12 18:11:04,2006,PC Portable,0.336,241.2,43.2,0.72
2026-01-12 18:11:04,2007,Lampe Cuisine,0.0,240.3,0.0,0.0
2026-01-12 18:11:04,2008,Lampe Chambre,0.036,241.0,5.2,0.087
2026-01-12 18:12:08,2001,TV Salle à manger,0.704,241.7,157.9,2.632
2026-01-12 18:12:08,2002,Ecran,0.172,241.2,21.4,0.357
2026-01-12 18:12:08,2003,Telephone / Tablette,0.012,241.0,1.3,0.022
2026-01-12 18:12:08,2004,Cafetiere,0.0,242.0,0.0,0.0
2026-01-12 18:12:08,2005,Lampe Salle à manger,,,,
2026-01-12 18:12:08,2006,PC Portable,0.358,241.6,46.8,0.78
2026-01-12 18:12:08,2007,Lampe Cuisine,0.0,240.7,0.0,0.0
2026-01-12 18:12:08,2008,Lampe Chambre,0.036,242.0,5.2,0.087
2026-01-12 18:13:11,2001,TV Salle à manger,0.705,241.8,158.3,2.638
2026-01-12 18:13:11,2002,Ecran,0.173,241.3,21.4,0.357
2026-01-12 18:13:11,2003,Telephone / Tablette,0.012,241.0,1.3,0.022
2026-01-12 18:13:11,2004,Cafetiere,0.0,242.0,0.0,0.0
2026-01-12 18:13:11,2005,Lampe Salle à manger,,,,
2026-01-12 18:13:11,2006,PC Portable,0.345,241.8,44.7,0.745
2026-01-12 18:13:11,2007,Lampe Cuisine,0.0,240.9,0.0,0.0
2026-01-12 18:13:11,2008,Lampe Chambre,0.036,242.2,5.3,0.088
