timestamp,prise,on,voltage,current,power,energy
2025-12-16 19:50:32,Prise 1 (Lampe),True,241.8,0.051,11.5,39.1
2025-12-16 19:50:32,Prise 2 (PC),True,241.6,0.038,5.3,13.3
2025-12-16 19:50:33,Prise 3 (Chargeurs),True,242.8,0.041,4.4,37.1
2025-12-16 19:50:48,Prise 1 (Lampe),True,242.3,0.051,11.5,39.1
2025-12-16 19:50:48,Prise 2 (PC),True,242.1,0.037,5.3,13.5
2025-12-16 19:50:48,Prise 3 (Chargeurs),True,243.5,0.041,4.5,37.3
2025-12-16 19:51:03,Prise 1 (Lampe),True,241.8,0.051,11.4,39.1
2025-12-16 19:51:03,Prise 2 (PC),True,241.5,0.039,5.3,13.5
2025-12-16 19:51:03,Prise 3 (Chargeurs),True,242.8,0.041,4.5,37.3
2025-12-16 19:51:18,Prise 1 (Lampe),True,242.1,0.051,11.4,39.1
2025-12-16 19:51:18,Prise 2 (PC),True,241.9,0.038,5.3,13.5
2025-12-16 19:51:18,Prise 3 (Chargeurs),True,243.1,0.041,4.5,37.3
2025-12-16 19:51:33,Prise 1 (Lampe),True,241.5,0.051,11.4,39.3
2025-12-16 19:51:33,Prise 2 (PC),True,241.3,0.038,5.3,13.5
2025-12-16 19:51:33,Prise 3 (Chargeurs),True,242.5,0.040,4.5,37.3
2025-12-16 19:51:48,Prise 1 (Lampe),True,241.9,0.051,11.5,39.3
2025-12-16 19:51:48,Prise 2 (PC),True,241.9,0.037,5.3,13.5
2025-12-16 19:51:48,Prise 3 (Chargeurs),True,243.0,0.040,4.5,37.3
2025-12-16 19:52:03,Prise 1 (Lampe),True,242.4,0.050,11.4,39.3
2025-12-16 19:52:03,Prise 2 (PC),True,242.2,0.037,5.3,13.5
2025-12-16 19:52:03,Prise 3 (Chargeurs),True,243.4,0.040,4.5,37.3
2025-12-16 19:52:19,Prise 1 (Lampe),True,242.7,0.050,11.4,39.3
2025-12-16 19:52:19,Prise 2 (PC),True,242.5,0.038,5.4,13.5
2025-12-16 19:52:19,Prise 3 (Chargeurs),True,243.8,0.041,4.4,37.3
2025-12-16 19:52:34,Prise 1 (Lampe),True,242.7,0.050,11.4,39.5
2025-12-16 19:52:34,Prise 2 (PC),True,242.5,0.038,5.3,13.5
2025-12-16 19:52:34,Prise 3 (Chargeurs),True,243.8,0.041,4.5,37.3
2025-12-16 19:52:49,Prise 1 (Lampe),True,242.6,0.050,11.4,39.5
2025-12-16 19:52:49,Prise 2 (PC),True,242.3,0.038,5.3,13.5
2025-12-16 19:52:49,Prise 3 (Chargeurs),True,243.6,0.040,4.5,37.3
