temp|humidity|wind|rain|condition|ghi|created_at
12.9|63|8.8|0.0|Cloudy|35.8|2026-01-13 17:00:00
12.4|66|9.5|0.0|Cloudy|0.8|2026-01-13 18:00:00
12.1|69|12.1|0.0|Cloudy|0.0|2026-01-13 19:00:00
11.7|72|10.3|0.0|Cloudy|0.0|2026-01-13 20:00:00
11.3|74|8.9|0.0|Cloudy|0.0|2026-01-13 21:00:00
10.3|78|7.6|0.0|Cloudy|0.0|2026-01-14 00:00:00
10.2|76|6.5|0.0|Cloudy|0.0|2026-01-14 01:00:00
10.0|79|6.1|0.0|Cloudy|0.0|2026-01-14 02:00:00
9.7|81|5.8|0.0|Cloudy|0.0|2026-01-14 03:00:00
9.7|80|5.8|0.0|Rain|0.0|2026-01-14 04:00:00
9.5|83|5.6|0.0|Rain|0.0|2026-01-14 05:00:00
9.5|84|4.0|0.0|Rain|0.0|2026-01-14 06:00:00
9.3|85|6.2|0.4|Rain|0.0|2026-01-14 07:00:00
9.2|86|6.5|0.2|Rain|0.0|2026-01-14 08:00:00
9.3|86|5.1|0.0|Cloudy|0.2|2026-01-14 09:00:00
9.8|86|4.5|0.0|Rain|13.8|2026-01-14 10:00:00
10.1|85|6.6|0.0|Cloudy|67.8|2026-01-14 11:00:00
10.8|82|7.5|0.0|Cloudy|139.2|2026-01-14 12:00:00
11.9|79|6.0|0.0|Cloudy|202.5|2026-01-14 13:00:00
12.6|78|6.8|0.0|Cloudy|148.8|2026-01-14 14:00:00
12.9|78|8.1|0.0|Cloudy|159.0|2026-01-14 15:00:00
13.2|76|8.7|0.0|Cloudy|143.8|2026-01-14 16:00:00
13.1|76|8.7|0.0|Cloudy|36.0|2026-01-14 17:00:00
12.9|75|10.1|0.0|Cloudy|0.8|2026-01-14 18:00:00
12.3|80|6.8|0.0|Cloudy|0.0|2026-01-14 19:00:00
12.0|79|8.6|0.0|Cloudy|0.0|2026-01-14 20:00:00
11.9|79|11.1|0.0|Cloudy|0.0|2026-01-14 21:00:00
11.1|82|11.4|0.0|Cloudy|0.0|2026-01-15 00:00:00
10.9|84|12.6|0.0|Cloudy|0.0|2026-01-15 01:00:00
10.7|83|14.8|0.0|Cloudy|0.0|2026-01-15 02:00:00
10.7|84|15.3|0.0|Cloudy|0.0|2026-01-15 03:00:00
11.0|83|15.2|0.0|Cloudy|0.0|2026-01-15 04:00:00
10.7|81|13.1|0.0|Cloudy|0.0|2026-01-15 05:00:00
10.1|81|11.5|0.0|Cloudy|0.0|2026-01-15 06:00:00
9.1|77|11.5|0.0|Cloudy|0.0|2026-01-15 07:00:00
8.7|79|9.1|0.0|Cloudy|0.0|2026-01-15 08:00:00
8.8|84|11.2|0.0|Cloudy|1.0|2026-01-15 09:00:00
9.3|82|12.6|0.0|Cloudy|33.2|2026-01-15 10:00:00
9.7|78|13.7|0.0|Cloudy|53.2|2026-01-15 11:00:00
10.2|78|13.8|0.0|Cloudy|75.2|2026-01-15 12:00:00
11.1|77|11.9|0.0|Cloudy|131.8|2026-01-15 13:00:00
11.9|74|12.6|0.0|Cloudy|142.2|2026-01-15 14:00:00
12.9|66|15.9|0.0|Cloudy|149.5|2026-01-15 15:00:00
13.7|62|16.6|0.0|Cloudy|82.2|2026-01-15 16:00:00
13.5|63|16.9|0.0|Cloudy|23.8|2026-01-15 17:00:00
13.1|66|14.8|0.0|Cloudy|0.8|2026-01-15 18:00:00
12.7|69|16.5|0.0|Cloudy|0.0|2026-01-15 19:00:00
12.6|71|18.8|0.0|Cloudy|0.0|2026-01-15 20:00:00
12.4|69|16.7|0.0|Cloudy|0.0|2026-01-15 21:00:00
11.4|76|20.4|0.0|Cloudy|0.0|2026-01-16 00:00:00
11.1|81|18.2|0.0|Cloudy|0.0|2026-01-16 01:00:00
11.0|82|16.6|0.0|Rain Showers|0.0|2026-01-16 02:00:00
10.7|84|13.5|0.0|Cloudy|0.0|2026-01-16 03:00:00
10.3|86|9.9|0.0|Cloudy|0.0|2026-01-16 04:00:00
9.9|84|8.9|0.0|Cloudy|0.0|2026-01-16 05:00:00
9.5|83|9.5|0.0|Cloudy|0.0|2026-01-16 06:00:00
9.0|86|10.0|0.0|Cloudy|0.0|2026-01-16 07:00:00
8.7|86|11.6|0.0|Cloudy|0.0|2026-01-16 08:00:00
8.4|89|11.1|0.0|Cloudy|2.0|2026-01-16 09:00:00
8.9|86|12.3|0.0|Partly Cloudy|55.2|2026-01-16 10:00:00
9.7|79|13.0|0.0|Partly Cloudy|163.8|2026-01-16 11:00:00
10.6|73|11.9|0.0|Cloudy|208.5|2026-01-16 12:00:00
11.1|71|13.2|0.0|Cloudy|176.8|2026-01-16 13:00:00
11.7|63|11.9|0.0|Cloudy|212.8|2026-01-16 14:00:00
12.0|63|11.7|0.0|Cloudy|173.8|2026-01-16 15:00:00
11.7|69|9.7|0.0|Cloudy|120.5|2026-01-16 16:00:00
11.4|73|8.1|0.0|Cloudy|36.2|2026-01-16 17:00:00
11.1|76|8.5|0.0|Cloudy|1.0|2026-01-16 18:00:00
10.4|81|8.7|0.0|Cloudy|0.0|2026-01-16 19:00:00
10.0|86|6.9|0.4|Rain|0.0|2026-01-16 20:00:00
9.4|93|5.6|0.1|Rain Showers|0.0|2026-01-17 00:00:00
9.3|92|6.4|0.0|Cloudy|0.0|2026-01-17 01:00:00
9.1|92|5.8|0.0|Cloudy|0.0|2026-01-17 02:00:00
8.9|92|5.9|0.0|Cloudy|0.0|2026-01-17 03:00:00
8.3|94|5.2|0.0|Cloudy|0.0|2026-01-17 04:00:00
8.0|94|3.4|0.0|Cloudy|0.0|2026-01-17 05:00:00
7.7|95|5.5|0.0|Cloudy|0.0|2026-01-17 06:00:00
7.9|96|6.8|0.0|Cloudy|0.0|2026-01-17 07:00:00
7.7|95|4.8|0.0|Cloudy|0.0|2026-01-17 08:00:00
7.6|94|5.4|0.0|Cloudy|1.0|2026-01-17 09:00:00
7.9|93|5.0|0.0|Cloudy|27.5|2026-01-17 10:00:00
8.8|89|4.3|0.0|Cloudy|78.2|2026-01-17 11:00:00
9.6|85|6.6|0.0|Cloudy|101.0|2026-01-17 12:00:00
10.2|80|7.5|0.0|Cloudy|124.5|2026-01-17 13:00:00
11.2|76|6.6|0.0|Partly Cloudy|266.8|2026-01-17 14:00:00
11.7|75|7.2|0.0|Cloudy|179.5|2026-01-17 15:00:00
11.8|76|7.2|0.0|Cloudy|133.2|2026-01-17 16:00:00
11.7|78|7.4|0.0|Cloudy|54.2|2026-01-17 17:00:00
11.3|83|5.3|0.0|Cloudy|1.8|2026-01-17 18:00:00
10.4|86|4.6|0.0|Cloudy|0.0|2026-01-17 19:00:00
10.2|86|6.2|0.1|Rain Showers|0.0|2026-01-17 20:00:00
9.8|80|8.3|0.0|Cloudy|0.0|2026-01-18 00:00:00
9.6|84|8.2|0.0|Cloudy|0.0|2026-01-18 01:00:00
9.3|87|3.6|0.6|Rain|0.0|2026-01-18 02:00:00
9.4|86|6.8|0.0|Rain Showers|0.0|2026-01-18 03:00:00
9.1|85|7.1|0.0|Cloudy|0.0|2026-01-18 04:00:00
8.6|86|7.3|0.0|Cloudy|0.0|2026-01-18 05:00:00
8.5|83|6.5|0.0|Cloudy|0.0|2026-01-18 06:00:00
8.7|77|4.0|0.0|Cloudy|0.0|2026-01-18 07:00:00
8.4|77|4.5|0.2|Rain|0.0|2026-01-18 08:00:00
8.2|76|3.3|0.5|Rain|1.8|2026-01-18 09:00:00
8.9|77|5.4|0.0|Partly Cloudy|41.5|2026-01-18 10:00:00
9.0|67|6.2|0.0|Partly Cloudy|104.0|2026-01-18 11:00:00
8.8|66|9.0|0.0|Partly Cloudy|180.0|2026-01-18 12:00:00
9.3|69|7.7|0.0|Cloudy|203.8|2026-01-18 13:00:00
9.7|67|7.8|0.0|Partly Cloudy|219.5|2026-01-18 14:00:00
9.9|68|7.7|0.0|Partly Cloudy|205.2|2026-01-18 15:00:00
10.0|70|6.7|0.0|Cloudy|116.0|2026-01-18 16:00:00
10.0|70|6.5|0.0|Partly Cloudy|37.8|2026-01-18 17:00:00
9.7|74|8.1|0.0|Cloudy|2.5|2026-01-18 18:00:00
8.5|76|9.4|0.0|Partly Cloudy|0.0|2026-01-18 19:00:00
5.1|86|8.3|0.0|Mainly Clear|0.0|2026-01-19 00:00:00
4.4|92|5.6|0.0|Cloudy|0.0|2026-01-19 01:00:00
4.6|91|5.9|0.0|Cloudy|0.0|2026-01-19 02:00:00
4.6|90|6.8|0.0|Cloudy|0.0|2026-01-19 03:00:00
3.4|90|7.9|0.0|Partly Cloudy|0.0|2026-01-19 04:00:00
3.2|91|6.4|0.0|Mainly Clear|0.0|2026-01-19 05:00:00
3.0|91|7.2|0.0|Cloudy|0.0|2026-01-19 06:00:00
2.4|94|7.5|0.0|Cloudy|0.0|2026-01-19 07:00:00
2.6|93|8.4|0.0|Cloudy|0.0|2026-01-19 08:00:00
2.5|93|8.4|0.0|Fog|2.0|2026-01-19 09:00:00
3.0|91|8.9|0.0|Cloudy|42.8|2026-01-19 10:00:00
4.1|87|7.4|0.0|Cloudy|97.5|2026-01-19 11:00:00
5.4|82|7.6|0.0|Cloudy|154.0|2026-01-19 12:00:00
7.4|78|7.2|0.0|Cloudy|252.5|2026-01-19 13:00:00
8.7|74|6.6|0.0|Cloudy|214.8|2026-01-19 14:00:00
9.7|71|7.2|0.0|Cloudy|197.0|2026-01-19 15:00:00
10.8|72|7.7|0.0|Cloudy|122.0|2026-01-19 16:00:00
10.5|75|8.6|0.0|Cloudy|54.0|2026-01-19 17:00:00
10.0|75|9.3|0.0|Cloudy|2.2|2026-01-19 18:00:00
8.0|85|6.6|0.0|Cloudy|0.0|2026-01-20 00:00:00
8.3|88|6.1|0.0|Cloudy|0.0|2026-01-20 01:00:00
8.2|88|8.4|0.0|Cloudy|0.0|2026-01-20 02:00:00
7.8|89|9.4|0.0|Cloudy|0.0|2026-01-20 03:00:00
7.5|92|10.0|0.0|Partly Cloudy|0.0|2026-01-20 04:00:00
7.0|93|8.5|0.0|Partly Cloudy|0.0|2026-01-20 05:00:00
6.7|94|7.0|0.0|Partly Cloudy|0.0|2026-01-20 06:00:00
6.3|96|8.0|0.0|Cloudy|0.0|2026-01-20 07:00:00
6.2|93|7.6|0.0|Cloudy|0.0|2026-01-20 08:00:00
6.3|91|8.7|0.0|Cloudy|1.0|2026-01-20 09:00:00
6.3|90|8.4|0.0|Cloudy|44.8|2026-01-20 10:00:00
6.6|88|10.7|0.0|Cloudy|141.0|2026-01-20 11:00:00
7.0|86|11.0|0.0|Partly Cloudy|156.2|2026-01-20 12:00:00
7.2|84|10.9|0.0|Cloudy|224.5|2026-01-20 13:00:00
8.1|81|11.0|0.0|Cloudy|201.2|2026-01-20 14:00:00
9.0|79|11.5|0.0|Cloudy|139.5|2026-01-20 15:00:00
9.3|78|12.5|0.0|Cloudy|132.2|2026-01-20 16:00:00
9.1|80|12.6|0.0|Cloudy|51.8|2026-01-20 17:00:00
8.5|80|13.9|0.0|Cloudy|0.0|2026-01-21 00:00:00
9.4|76|12.5|0.0|Cloudy|0.0|2026-01-21 01:00:00
9.3|78|11.7|0.1|Rain|0.0|2026-01-21 02:00:00
9.4|79|13.8|0.2|Rain|0.0|2026-01-21 03:00:00
9.5|78|14.4|0.0|Rain|0.0|2026-01-21 04:00:00
9.2|79|14.1|0.0|Rain|0.0|2026-01-21 05:00:00
8.6|81|15.3|0.1|Rain|0.0|2026-01-21 06:00:00
8.6|79|14.4|0.0|Cloudy|0.0|2026-01-21 07:00:00
8.3|79|13.9|0.0|Cloudy|0.0|2026-01-21 08:00:00
8.3|79|14.2|0.0|Cloudy|3.0|2026-01-21 09:00:00
8.5|76|14.7|0.0|Cloudy|40.5|2026-01-21 10:00:00
8.7|74|16.1|0.0|Cloudy|68.2|2026-01-21 11:00:00
9.5|71|15.6|0.0|Partly Cloudy|137.8|2026-01-21 12:00:00
11.7|61|15.3|0.0|Mainly Clear|295.2|2026-01-21 13:00:00
12.6|59|15.9|0.0|Cloudy|279.0|2026-01-21 14:00:00
13.5|55|16.2|0.0|Cloudy|231.5|2026-01-21 15:00:00
13.7|56|17.1|0.0|Cloudy|131.0|2026-01-21 16:00:00
13.3|54|17.6|0.0|Cloudy|38.5|2026-01-21 17:00:00
9.7|79|11.7|0.3|Rain|0.0|2026-01-22 00:00:00
9.7|79|11.1|0.0|Rain|0.0|2026-01-22 01:00:00
8.8|86|10.7|0.9|Rain|0.0|2026-01-22 02:00:00
8.0|85|13.0|0.1|Rain|0.0|2026-01-22 03:00:00
7.8|82|12.7|0.0|Rain|0.0|2026-01-22 04:00:00
7.8|84|10.7|0.2|Rain|0.0|2026-01-22 05:00:00
8.2|83|11.3|0.0|Rain|0.0|2026-01-22 06:00:00
8.4|82|11.0|0.0|Cloudy|0.0|2026-01-22 07:00:00
8.5|83|11.6|0.0|Cloudy|0.0|2026-01-22 08:00:00
8.5|83|12.2|0.0|Cloudy|2.2|2026-01-22 09:00:00
9.1|83|13.2|0.0|Cloudy|53.5|2026-01-22 10:00:00
9.4|80|13.7|0.0|Cloudy|90.5|2026-01-22 11:00:00
10.3|74|17.7|0.0|Cloudy|125.2|2026-01-22 12:00:00
10.9|72|15.7|0.0|Cloudy|125.2|2026-01-22 13:00:00
11.4|69|15.4|0.0|Cloudy|146.2|2026-01-22 14:00:00
12.2|62|14.5|0.0|Cloudy|165.0|2026-01-22 15:00:00
11.5|77|12.1|0.0|Partly Cloudy|108.5|2026-01-22 16:00:00
7.3|91|8.7|0.0|Partly Cloudy|0.0|2026-01-23 00:00:00
6.8|91|8.3|0.0|Cloudy|0.0|2026-01-23 01:00:00
6.4|93|9.3|0.0|Partly Cloudy|0.0|2026-01-23 02:00:00
6.0|94|9.7|0.0|Cloudy|0.0|2026-01-23 03:00:00
6.2|93|12.9|0.0|Cloudy|0.0|2026-01-23 04:00:00
5.9|91|11.5|0.0|Cloudy|0.0|2026-01-23 05:00:00
5.9|90|13.0|0.5|Rain|0.0|2026-01-23 06:00:00
6.3|88|11.8|0.2|Rain|0.0|2026-01-23 07:00:00
6.3|87|13.2|1.0|Rain|0.0|2026-01-23 08:00:00
6.5|84|15.3|2.2|Rain|1.8|2026-01-23 09:00:00
7.1|83|13.9|0.4|Rain|18.5|2026-01-23 10:00:00
7.4|82|12.1|0.6|Rain|52.0|2026-01-23 11:00:00
8.3|78|17.3|0.0|Rain Showers|123.0|2026-01-23 12:00:00
9.0|76|15.5|0.0|Cloudy|122.2|2026-01-23 13:00:00
9.6|71|14.8|0.0|Cloudy|182.5|2026-01-23 14:00:00
10.1|65|17.0|0.0|Cloudy|210.5|2026-01-23 15:00:00
5.5|82|10.4|0.0|Mainly Clear|0.0|2026-01-24 00:00:00
5.1|82|11.0|0.0|Partly Cloudy|0.0|2026-01-24 01:00:00
4.7|84|11.3|0.0|Clear Sky|0.0|2026-01-24 02:00:00
4.4|85|10.2|0.0|Partly Cloudy|0.0|2026-01-24 03:00:00
4.2|86|9.0|0.0|Mainly Clear|0.0|2026-01-24 04:00:00
4.4|86|10.0|0.0|Cloudy|0.0|2026-01-24 05:00:00
4.4|85|9.1|0.0|Partly Cloudy|0.0|2026-01-24 06:00:00
4.1|85|9.7|0.0|Mainly Clear|0.0|2026-01-24 07:00:00
3.7|86|9.2|0.0|Cloudy|0.0|2026-01-24 08:00:00
3.5|86|8.9|0.0|Cloudy|5.0|2026-01-24 09:00:00
4.1|87|8.4|0.0|Cloudy|45.5|2026-01-24 10:00:00
5.0|83|9.2|0.0|Mainly Clear|159.5|2026-01-24 11:00:00
6.4|77|9.7|0.0|Partly Cloudy|276.5|2026-01-24 12:00:00
8.2|69|9.9|0.0|Clear Sky|337.0|2026-01-24 13:00:00
9.2|65|9.9|0.0|Mainly Clear|340.5|2026-01-24 14:00:00
9.8|64|10.4|0.0|Mainly Clear|291.5|2026-01-24 15:00:00
4.7|85|8.7|0.0|Cloudy|0.0|2026-01-25 00:00:00
5.1|84|8.3|0.0|Cloudy|0.0|2026-01-25 01:00:00
5.5|84|8.8|0.0|Cloudy|0.0|2026-01-25 02:00:00
5.4|86|7.8|0.0|Partly Cloudy|0.0|2026-01-25 03:00:00
4.5|90|8.9|0.0|Partly Cloudy|0.0|2026-01-25 04:00:00
4.2|92|9.2|0.0|Partly Cloudy|0.0|2026-01-25 05:00:00
4.0|94|9.3|0.0|Cloudy|0.0|2026-01-25 06:00:00
4.8|93|10.1|0.0|Cloudy|0.0|2026-01-25 07:00:00
5.1|91|9.5|0.0|Cloudy|0.0|2026-01-25 08:00:00
5.2|90|9.8|0.0|Cloudy|3.0|2026-01-25 09:00:00
5.8|90|10.7|0.0|Cloudy|39.8|2026-01-25 10:00:00
6.4|85|14.7|0.0|Cloudy|116.5|2026-01-25 11:00:00
7.1|81|14.5|0.0|Cloudy|118.8|2026-01-25 12:00:00
8.2|77|14.8|0.0|Cloudy|150.2|2026-01-25 13:00:00
8.5|74|13.6|0.0|Rain|122.0|2026-01-25 14:00:00
6.2|93|6.3|0.0|Partly Cloudy|0.0|2026-01-26 00:00:00
6.5|94|5.1|0.0|Cloudy|0.0|2026-01-26 01:00:00
6.5|92|7.3|0.0|Cloudy|0.0|2026-01-26 02:00:00
6.6|92|7.0|0.0|Cloudy|0.0|2026-01-26 03:00:00
6.2|92|8.7|0.0|Cloudy|0.0|2026-01-26 04:00:00
6.5|90|6.8|0.0|Cloudy|0.0|2026-01-26 05:00:00
6.0|91|9.4|0.0|Cloudy|0.0|2026-01-26 06:00:00
6.3|90|7.6|0.0|Cloudy|0.0|2026-01-26 07:00:00
5.9|91|5.9|0.0|Partly Cloudy|0.0|2026-01-26 08:00:00
5.4|91|4.5|0.0|Partly Cloudy|6.0|2026-01-26 09:00:00
5.3|92|5.9|0.0|Partly Cloudy|72.2|2026-01-26 10:00:00
6.3|86|3.7|0.0|Cloudy|134.2|2026-01-26 11:00:00
6.9|84|5.6|0.0|Cloudy|160.5|2026-01-26 12:00:00
7.6|83|8.3|0.0|Cloudy|153.2|2026-01-26 13:00:00
8.1|82|8.4|0.0|Cloudy|148.8|2026-01-26 14:00:00
5.2|85|9.5|0.0|Cloudy|0.0|2026-01-27 00:00:00
5.2|86|12.5|0.0|Cloudy|0.0|2026-01-27 01:00:00
5.2|84|13.8|0.0|Cloudy|0.0|2026-01-27 02:00:00
5.3|83|15.5|0.2|Rain|0.0|2026-01-27 03:00:00
5.8|82|13.5|0.2|Rain|0.0|2026-01-27 04:00:00
6.0|79|14.3|0.1|Rain|0.0|2026-01-27 05:00:00
6.0|77|17.3|0.2|Rain|0.0|2026-01-27 06:00:00
5.9|80|15.0|0.7|Rain|0.0|2026-01-27 07:00:00
5.8|82|14.4|1.2|Rain|0.0|2026-01-27 08:00:00
5.8|85|14.6|1.1|Rain|1.2|2026-01-27 09:00:00
5.6|90|14.8|1.1|Rain|13.8|2026-01-27 10:00:00
6.1|91|13.3|0.8|Rain|27.0|2026-01-27 11:00:00
7.1|91|12.4|1.3|Rain|26.8|2026-01-27 12:00:00
8.7|91|13.0|2.1|Rain|36.5|2026-01-27 13:00:00
9.3|89|11.4|0.5|Rain|47.0|2026-01-27 14:00:00
6.8|80|4.8|0.0|Cloudy|0.0|2026-01-28 00:00:00
6.3|86|4.0|0.0|Cloudy|0.0|2026-01-28 01:00:00
6.0|90|3.2|0.0|Cloudy|0.0|2026-01-28 02:00:00
6.0|89|2.9|0.0|Cloudy|0.0|2026-01-28 03:00:00
5.3|93|0.5|0.0|Cloudy|0.0|2026-01-28 04:00:00
4.9|95|1.8|0.0|Cloudy|0.0|2026-01-28 05:00:00
4.8|94|1.8|0.0|Cloudy|0.0|2026-01-28 06:00:00
4.0|100|2.3|0.0|Cloudy|0.0|2026-01-28 07:00:00
2.8|100|2.5|0.0|Fog|0.0|2026-01-28 08:00:00
2.8|100|2.1|0.0|Fog|4.0|2026-01-28 09:00:00
3.5|99|0.4|0.0|Fog|45.8|2026-01-28 10:00:00
4.9|92|1.3|0.0|Cloudy|115.0|2026-01-28 11:00:00
6.1|85|2.8|0.0|Cloudy|156.2|2026-01-28 12:00:00
7.1|82|4.3|0.0|Cloudy|211.5|2026-01-28 13:00:00
7.6|79|5.5|0.0|Cloudy|181.2|2026-01-28 14:00:00
4.1|95|2.1|0.0|Cloudy|0.0|2026-01-29 00:00:00
3.6|97|0.4|0.0|Clear Sky|0.0|2026-01-29 01:00:00
2.7|99|3.2|0.0|Fog|0.0|2026-01-29 02:00:00
1.8|100|1.3|0.0|Fog|0.0|2026-01-29 03:00:00
