temp|hum|wind|rain|condition|ghi|created_at
12.4|66|9.5|0.0|Cloudy|0.8|2026-01-13 18:00:00
11.8|69|10.7|0.0|Cloudy|0.0|2026-01-13 19:00:00
11.3|73|9.4|0.0|Cloudy|0.0|2026-01-13 20:00:00
11.3|74|8.9|0.0|Cloudy|0.0|2026-01-13 21:00:00
11.1|74|6.6|0.0|Cloudy|0.0|2026-01-13 22:00:00
10.8|75|6.4|0.0|Cloudy|0.0|2026-01-13 23:00:00
10.3|78|7.6|0.0|Cloudy|0.0|2026-01-14 00:00:00
10.0|79|6.5|0.0|Cloudy|0.0|2026-01-14 01:00:00
9.8|81|6.1|0.0|Cloudy|0.0|2026-01-14 02:00:00
9.7|81|5.8|0.0|Cloudy|0.0|2026-01-14 03:00:00
9.5|83|5.9|0.0|Rain|0.0|2026-01-14 04:00:00
9.3|85|5.8|0.2|Rain|0.0|2026-01-14 05:00:00
9.5|84|4.0|0.0|Rain|0.0|2026-01-14 06:00:00
9.4|85|5.8|0.4|Rain|0.0|2026-01-14 07:00:00
9.4|85|6.5|0.1|Rain|0.0|2026-01-14 08:00:00
9.3|86|5.1|0.0|Cloudy|0.2|2026-01-14 09:00:00
9.5|86|4.1|0.0|Rain|13.8|2026-01-14 10:00:00
9.7|86|5.8|0.1|Rain Showers|53.0|2026-01-14 11:00:00
10.8|82|7.5|0.0|Cloudy|139.2|2026-01-14 12:00:00
11.8|77|6.2|0.0|Cloudy|202.5|2026-01-14 13:00:00
12.7|75|8.1|0.0|Cloudy|197.5|2026-01-14 14:00:00
12.9|78|8.1|0.0|Cloudy|159.0|2026-01-14 15:00:00
13.1|76|8.4|0.0|Cloudy|143.8|2026-01-14 16:00:00
13.1|76|8.3|0.0|Cloudy|47.8|2026-01-14 17:00:00
12.9|75|10.1|0.0|Cloudy|0.8|2026-01-14 18:00:00
12.4|78|9.0|0.0|Cloudy|0.0|2026-01-14 19:00:00
12.1|78|10.5|0.0|Cloudy|0.0|2026-01-14 20:00:00
11.9|79|11.1|0.0|Cloudy|0.0|2026-01-14 21:00:00
11.5|83|11.3|0.0|Rain|0.0|2026-01-14 22:00:00
11.2|85|10.2|0.0|Cloudy|0.0|2026-01-14 23:00:00
11.1|82|11.4|0.0|Cloudy|0.0|2026-01-15 00:00:00
10.6|84|11.3|0.0|Cloudy|0.0|2026-01-15 01:00:00
10.5|84|13.6|0.0|Cloudy|0.0|2026-01-15 02:00:00
10.7|84|15.3|0.0|Cloudy|0.0|2026-01-15 03:00:00
10.7|82|13.8|0.0|Cloudy|0.0|2026-01-15 04:00:00
10.4|79|13.0|0.0|Partly Cloudy|0.0|2026-01-15 05:00:00
10.1|81|11.5|0.0|Cloudy|0.0|2026-01-15 06:00:00
9.6|80|9.7|0.0|Cloudy|0.0|2026-01-15 07:00:00
9.2|78|9.6|0.0|Cloudy|0.0|2026-01-15 08:00:00
8.8|84|11.2|0.0|Cloudy|1.0|2026-01-15 09:00:00
9.1|79|13.3|0.0|Cloudy|33.2|2026-01-15 10:00:00
9.5|77|14.1|0.0|Cloudy|75.5|2026-01-15 11:00:00
10.2|78|13.8|0.0|Cloudy|75.2|2026-01-15 12:00:00
11.0|74|13.7|0.0|Cloudy|131.8|2026-01-15 13:00:00
11.9|71|14.9|0.0|Cloudy|150.8|2026-01-15 14:00:00
12.9|66|15.9|0.0|Cloudy|149.5|2026-01-15 15:00:00
13.3|62|16.0|0.0|Cloudy|82.2|2026-01-15 16:00:00
13.3|63|17.0|0.0|Cloudy|25.5|2026-01-15 17:00:00
13.1|66|14.8|0.0|Cloudy|0.8|2026-01-15 18:00:00
12.6|69|17.1|0.0|Cloudy|0.0|2026-01-15 19:00:00
12.2|73|15.2|0.0|Cloudy|0.0|2026-01-15 20:00:00
12.4|69|16.7|0.0|Cloudy|0.0|2026-01-15 21:00:00
11.9|69|19.4|0.2|Rain|0.0|2026-01-15 22:00:00
11.6|70|19.1|0.0|Rain|0.0|2026-01-15 23:00:00
11.4|76|20.4|0.0|Cloudy|0.0|2026-01-16 00:00:00
11.1|79|17.1|0.0|Cloudy|0.0|2026-01-16 01:00:00
10.9|80|14.6|0.0|Cloudy|0.0|2026-01-16 02:00:00
10.7|84|13.5|0.0|Cloudy|0.0|2026-01-16 03:00:00
10.4|86|12.4|0.0|Cloudy|0.0|2026-01-16 04:00:00
10.0|86|9.8|0.0|Cloudy|0.0|2026-01-16 05:00:00
9.5|83|9.5|0.0|Cloudy|0.0|2026-01-16 06:00:00
9.4|88|9.4|0.0|Cloudy|0.0|2026-01-16 07:00:00
9.3|85|10.9|0.0|Cloudy|0.0|2026-01-16 08:00:00
8.4|89|11.1|0.0|Cloudy|2.0|2026-01-16 09:00:00
8.7|86|13.1|0.0|Partly Cloudy|55.2|2026-01-16 10:00:00
9.4|81|12.6|0.0|Cloudy|153.8|2026-01-16 11:00:00
10.6|73|11.9|0.0|Cloudy|208.5|2026-01-16 12:00:00
11.0|69|14.6|0.0|Cloudy|176.8|2026-01-16 13:00:00
11.5|64|9.8|0.0|Cloudy|177.2|2026-01-16 14:00:00
12.0|63|11.7|0.0|Cloudy|173.8|2026-01-16 15:00:00
11.8|63|10.5|0.0|Cloudy|120.5|2026-01-16 16:00:00
11.3|70|7.9|0.0|Cloudy|40.2|2026-01-16 17:00:00
11.1|76|8.5|0.0|Cloudy|1.0|2026-01-16 18:00:00
10.6|80|9.7|0.0|Cloudy|0.0|2026-01-16 19:00:00
10.2|87|8.1|0.7|Rain|0.0|2026-01-16 20:00:00
9.7|89|7.4|0.4|Rain|0.0|2026-01-16 21:00:00
9.5|91|6.6|0.9|Rain|0.0|2026-01-16 22:00:00
9.4|92|5.5|0.8|Rain|0.0|2026-01-16 23:00:00
9.4|93|5.6|0.1|Rain Showers|0.0|2026-01-17 00:00:00
9.3|93|4.5|0.0|Cloudy|0.0|2026-01-17 01:00:00
9.3|93|5.9|0.0|Cloudy|0.0|2026-01-17 02:00:00
8.9|92|5.9|0.0|Cloudy|0.0|2026-01-17 03:00:00
8.5|93|5.6|0.0|Cloudy|0.0|2026-01-17 04:00:00
8.3|93|4.3|0.0|Cloudy|0.0|2026-01-17 05:00:00
7.7|95|5.5|0.0|Cloudy|0.0|2026-01-17 06:00:00
7.4|94|5.3|0.0|Cloudy|0.0|2026-01-17 07:00:00
7.1|93|5.2|0.0|Cloudy|0.0|2026-01-17 08:00:00
7.6|94|5.4|0.0|Cloudy|1.0|2026-01-17 09:00:00
7.8|92|5.2|0.0|Cloudy|27.5|2026-01-17 10:00:00
8.5|90|4.0|0.0|Cloudy|112.2|2026-01-17 11:00:00
9.6|85|6.6|0.0|Cloudy|101.0|2026-01-17 12:00:00
10.1|83|7.1|0.0|Cloudy|124.5|2026-01-17 13:00:00
10.8|80|6.5|0.0|Cloudy|182.8|2026-01-17 14:00:00
11.7|75|7.2|0.0|Cloudy|179.5|2026-01-17 15:00:00
11.7|76|8.0|0.0|Cloudy|133.2|2026-01-17 16:00:00
11.5|78|7.5|0.0|Cloudy|46.8|2026-01-17 17:00:00
11.3|83|5.3|0.0|Cloudy|1.8|2026-01-17 18:00:00
10.8|87|5.1|0.0|Cloudy|0.0|2026-01-17 19:00:00
10.5|89|6.1|0.0|Cloudy|0.0|2026-01-17 20:00:00
9.8|86|6.2|0.0|Cloudy|0.0|2026-01-17 21:00:00
9.5|85|5.0|0.0|Cloudy|0.0|2026-01-17 22:00:00
9.4|84|5.6|0.0|Cloudy|0.0|2026-01-17 23:00:00
9.8|80|8.3|0.0|Cloudy|0.0|2026-01-18 00:00:00
9.6|81|7.9|0.0|Cloudy|0.0|2026-01-18 01:00:00
9.2|84|6.1|0.3|Rain|0.0|2026-01-18 02:00:00
9.4|86|6.8|0.0|Rain Showers|0.0|2026-01-18 03:00:00
9.0|86|7.1|0.0|Cloudy|0.0|2026-01-18 04:00:00
8.8|86|5.5|0.0|Cloudy|0.0|2026-01-18 05:00:00
8.5|83|6.5|0.0|Cloudy|0.0|2026-01-18 06:00:00
8.1|77|4.4|0.0|Cloudy|0.0|2026-01-18 07:00:00
7.8|73|4.8|0.0|Cloudy|0.0|2026-01-18 08:00:00
8.2|76|3.3|0.5|Rain|1.8|2026-01-18 09:00:00
8.2|72|6.5|0.0|Partly Cloudy|41.5|2026-01-18 10:00:00
8.1|70|6.8|0.0|Partly Cloudy|121.2|2026-01-18 11:00:00
8.8|66|9.0|0.0|Partly Cloudy|180.0|2026-01-18 12:00:00
8.7|70|7.1|0.0|Cloudy|203.8|2026-01-18 13:00:00
8.9|71|5.9|0.0|Cloudy|181.8|2026-01-18 14:00:00
9.9|68|7.7|0.0|Partly Cloudy|205.2|2026-01-18 15:00:00
9.9|70|7.1|0.0|Cloudy|116.0|2026-01-18 16:00:00
9.8|71|4.9|0.0|Cloudy|37.2|2026-01-18 17:00:00
9.7|74|8.1|0.0|Cloudy|2.5|2026-01-18 18:00:00
8.8|77|9.5|0.0|Partly Cloudy|0.0|2026-01-18 19:00:00
7.8|81|7.6|0.0|Partly Cloudy|0.0|2026-01-18 20:00:00
6.8|82|7.9|0.0|Partly Cloudy|0.0|2026-01-18 21:00:00
6.2|83|7.7|0.0|Cloudy|0.0|2026-01-18 22:00:00
6.0|82|7.4|0.0|Partly Cloudy|0.0|2026-01-18 23:00:00
5.1|86|8.3|0.0|Mainly Clear|0.0|2026-01-19 00:00:00
4.9|87|6.7|0.0|Cloudy|0.0|2026-01-19 01:00:00
4.9|88|6.9|0.0|Cloudy|0.0|2026-01-19 02:00:00
4.6|90|6.8|0.0|Cloudy|0.0|2026-01-19 03:00:00
4.5|90|7.4|0.0|Partly Cloudy|0.0|2026-01-19 04:00:00
4.2|91|6.6|0.0|Partly Cloudy|0.0|2026-01-19 05:00:00
3.0|91|7.2|0.0|Cloudy|0.0|2026-01-19 06:00:00
2.8|92|7.9|0.0|Cloudy|0.0|2026-01-19 07:00:00
2.9|91|7.4|0.0|Cloudy|0.0|2026-01-19 08:00:00
2.5|93|8.4|0.0|Fog|2.0|2026-01-19 09:00:00
2.9|91|9.7|0.0|Cloudy|42.8|2026-01-19 10:00:00
4.1|86|8.2|0.0|Partly Cloudy|126.8|2026-01-19 11:00:00
5.4|82|7.6|0.0|Cloudy|154.0|2026-01-19 12:00:00
7.1|77|7.4|0.0|Cloudy|252.5|2026-01-19 13:00:00
8.5|73|6.6|0.0|Cloudy|221.2|2026-01-19 14:00:00
9.7|71|7.2|0.0|Cloudy|197.0|2026-01-19 15:00:00
10.3|70|6.4|0.0|Cloudy|122.0|2026-01-19 16:00:00
10.3|71|8.2|0.0|Cloudy|45.2|2026-01-19 17:00:00
10.0|75|9.3|0.0|Cloudy|2.2|2026-01-19 18:00:00
9.2|78|8.7|0.0|Cloudy|0.0|2026-01-19 19:00:00
8.6|82|8.2|0.0|Cloudy|0.0|2026-01-19 20:00:00
7.8|86|10.4|0.0|Cloudy|0.0|2026-01-19 21:00:00
7.8|86|9.4|0.0|Cloudy|0.0|2026-01-19 22:00:00
7.7|85|9.7|0.0|Cloudy|0.0|2026-01-19 23:00:00
8.0|85|6.6|0.0|Cloudy|0.0|2026-01-20 00:00:00
8.1|86|5.4|0.0|Cloudy|0.0|2026-01-20 01:00:00
8.0|87|8.7|0.0|Cloudy|0.0|2026-01-20 02:00:00
7.8|89|9.4|0.0|Cloudy|0.0|2026-01-20 03:00:00
7.3|90|9.7|0.0|Partly Cloudy|0.0|2026-01-20 04:00:00
6.8|92|8.7|0.0|Mainly Clear|0.0|2026-01-20 05:00:00
6.7|94|7.0|0.0|Partly Cloudy|0.0|2026-01-20 06:00:00
6.3|94|7.4|0.0|Cloudy|0.0|2026-01-20 07:00:00
6.3|93|7.7|0.0|Cloudy|0.0|2026-01-20 08:00:00
6.3|91|8.7|0.0|Cloudy|1.0|2026-01-20 09:00:00
6.6|89|7.7|0.0|Cloudy|44.8|2026-01-20 10:00:00
7.1|87|10.0|0.0|Partly Cloudy|115.2|2026-01-20 11:00:00
7.0|86|11.0|0.0|Partly Cloudy|156.2|2026-01-20 12:00:00
7.8|84|11.7|0.0|Cloudy|224.5|2026-01-20 13:00:00
8.4|82|12.5|0.0|Cloudy|180.8|2026-01-20 14:00:00
9.0|79|11.5|0.0|Cloudy|139.5|2026-01-20 15:00:00
9.2|78|12.2|0.0|Cloudy|132.2|2026-01-20 16:00:00
9.2|80|11.2|0.0|Cloudy|54.2|2026-01-20 17:00:00
8.7|83|11.8|0.0|Cloudy|2.8|2026-01-20 18:00:00
8.6|83|13.0|0.0|Cloudy|0.0|2026-01-20 19:00:00
8.5|84|14.5|0.0|Cloudy|0.0|2026-01-20 20:00:00
7.4|84|16.3|0.4|Rain|0.0|2026-01-20 21:00:00
7.4|83|13.5|0.0|Cloudy|0.0|2026-01-20 22:00:00
7.4|83|12.2|0.0|Cloudy|0.0|2026-01-20 23:00:00
8.5|80|13.9|0.0|Cloudy|0.0|2026-01-21 00:00:00
8.5|78|12.3|0.0|Cloudy|0.0|2026-01-21 01:00:00
8.5|80|13.3|0.5|Rain|0.0|2026-01-21 02:00:00
9.4|79|13.8|0.2|Rain|0.0|2026-01-21 03:00:00
8.8|80|14.0|0.1|Rain|0.0|2026-01-21 05:00:00
8.6|81|15.3|0.1|Rain|0.0|2026-01-21 06:00:00
8.3|80|15.4|0.0|Cloudy|0.0|2026-01-21 07:00:00
8.2|80|15.8|0.1|Rain|0.0|2026-01-21 08:00:00
8.3|79|14.2|0.0|Cloudy|3.0|2026-01-21 09:00:00
8.0|78|14.0|0.0|Cloudy|40.5|2026-01-21 10:00:00
8.2|75|14.7|0.0|Cloudy|65.0|2026-01-21 11:00:00
9.5|71|15.6|0.0|Partly Cloudy|137.8|2026-01-21 12:00:00
11.0|66|15.9|0.0|Mainly Clear|295.2|2026-01-21 13:00:00
12.2|60|17.0|0.0|Partly Cloudy|294.2|2026-01-21 14:00:00
13.5|55|16.2|0.0|Cloudy|231.5|2026-01-21 15:00:00
13.7|54|17.4|0.0|Cloudy|131.0|2026-01-21 16:00:00
13.5|55|16.6|0.0|Cloudy|32.8|2026-01-21 17:00:00
12.9|55|16.3|0.0|Cloudy|1.8|2026-01-21 18:00:00
12.4|59|15.7|0.1|Rain|0.0|2026-01-21 19:00:00
11.7|64|12.1|0.4|Rain|0.0|2026-01-21 20:00:00
10.7|72|11.4|0.3|Rain|0.0|2026-01-21 21:00:00
10.1|77|11.5|0.2|Rain|0.0|2026-01-21 22:00:00
9.6|79|12.5|0.3|Rain|0.0|2026-01-21 23:00:00
9.7|79|11.7|0.3|Rain|0.0|2026-01-22 00:00:00
9.7|79|12.1|0.0|Rain|0.0|2026-01-22 01:00:00
9.4|81|12.0|0.5|Rain|0.0|2026-01-22 02:00:00
8.0|85|13.0|0.1|Rain|0.0|2026-01-22 03:00:00
7.8|84|12.5|0.0|Rain|0.0|2026-01-22 04:00:00
7.9|83|11.0|0.0|Cloudy|0.0|2026-01-22 05:00:00
8.2|83|11.3|0.0|Rain|0.0|2026-01-22 06:00:00
8.4|83|10.7|0.0|Cloudy|0.0|2026-01-22 07:00:00
8.5|84|11.0|0.0|Cloudy|0.0|2026-01-22 08:00:00
8.5|83|12.2|0.0|Cloudy|2.2|2026-01-22 09:00:00
8.6|82|12.3|0.0|Cloudy|53.5|2026-01-22 10:00:00
9.2|80|13.6|0.0|Cloudy|111.8|2026-01-22 11:00:00
10.3|74|17.7|0.0|Cloudy|125.2|2026-01-22 12:00:00
11.0|70|17.5|0.0|Cloudy|125.2|2026-01-22 13:00:00
11.4|67|13.4|0.0|Cloudy|78.2|2026-01-22 14:00:00
12.2|62|14.5|0.0|Cloudy|165.0|2026-01-22 15:00:00
12.2|61|14.3|0.0|Partly Cloudy|108.5|2026-01-22 16:00:00
11.7|66|15.1|0.0|Partly Cloudy|61.8|2026-01-22 17:00:00
10.7|71|10.5|0.0|Partly Cloudy|5.0|2026-01-22 18:00:00
10.0|80|9.0|0.0|Partly Cloudy|0.0|2026-01-22 20:00:00
9.2|82|9.4|0.0|Rain Showers|0.0|2026-01-22 21:00:00
8.6|84|8.6|0.0|Mainly Clear|0.0|2026-01-22 22:00:00
8.0|85|8.6|0.0|Mainly Clear|0.0|2026-01-22 23:00:00
7.3|91|8.7|0.0|Partly Cloudy|0.0|2026-01-23 00:00:00
6.9|90|8.5|0.0|Cloudy|0.0|2026-01-23 01:00:00
6.5|92|10.3|0.0|Cloudy|0.0|2026-01-23 02:00:00
6.0|94|9.7|0.0|Cloudy|0.0|2026-01-23 03:00:00
5.8|92|10.5|0.0|Cloudy|0.0|2026-01-23 04:00:00
5.7|91|12.0|0.0|Cloudy|0.0|2026-01-23 05:00:00
5.9|90|13.0|0.5|Rain|0.0|2026-01-23 06:00:00
6.2|87|11.3|0.2|Rain|0.0|2026-01-23 07:00:00
6.1|88|13.5|2.6|Unknown|0.0|2026-01-23 08:00:00
6.5|84|15.3|2.2|Rain|1.8|2026-01-23 09:00:00
7.0|83|15.0|0.4|Rain|18.5|2026-01-23 10:00:00
7.4|82|13.7|0.3|Rain|48.0|2026-01-23 11:00:00
8.3|78|17.3|0.0|Rain Showers|123.0|2026-01-23 12:00:00
9.0|74|16.6|0.0|Cloudy|122.2|2026-01-23 13:00:00
9.8|66|16.5|0.0|Cloudy|159.0|2026-01-23 14:00:00
10.1|65|17.0|0.0|Cloudy|210.5|2026-01-23 15:00:00
10.4|60|14.8|0.0|Cloudy|117.2|2026-01-23 16:00:00
10.0|62|12.3|0.0|Cloudy|49.2|2026-01-23 17:00:00
9.1|68|14.8|0.0|Cloudy|4.2|2026-01-23 18:00:00
8.3|73|11.0|0.0|Cloudy|0.0|2026-01-23 19:00:00
7.7|80|10.9|0.0|Cloudy|0.0|2026-01-23 20:00:00
7.3|76|13.7|0.0|Partly Cloudy|0.0|2026-01-23 21:00:00
6.6|79|12.7|0.0|Mainly Clear|0.0|2026-01-23 22:00:00
6.2|81|11.2|0.0|Partly Cloudy|0.0|2026-01-23 23:00:00
5.5|82|10.4|0.0|Mainly Clear|0.0|2026-01-24 00:00:00
5.3|82|11.2|0.0|Partly Cloudy|0.0|2026-01-24 01:00:00
4.8|84|11.1|0.0|Clear Sky|0.0|2026-01-24 02:00:00
4.4|85|10.2|0.0|Partly Cloudy|0.0|2026-01-24 03:00:00
4.1|87|10.1|0.0|Mainly Clear|0.0|2026-01-24 04:00:00
4.0|87|9.7|0.0|Partly Cloudy|0.0|2026-01-24 05:00:00
4.4|85|9.1|0.0|Partly Cloudy|0.0|2026-01-24 06:00:00
3.6|87|7.9|0.0|Cloudy|0.0|2026-01-24 08:00:00
3.5|86|8.9|0.0|Cloudy|5.0|2026-01-24 09:00:00
3.7|85|9.2|0.0|Cloudy|45.5|2026-01-24 10:00:00
4.7|81|10.2|0.0|Cloudy|157.8|2026-01-24 11:00:00
6.4|77|9.7|0.0|Partly Cloudy|276.5|2026-01-24 12:00:00
7.9|71|9.3|0.0|Clear Sky|337.0|2026-01-24 13:00:00
8.8|67|10.0|0.0|Clear Sky|340.8|2026-01-24 14:00:00
9.8|64|10.4|0.0|Mainly Clear|291.5|2026-01-24 15:00:00
9.9|64|11.2|0.0|Mainly Clear|209.2|2026-01-24 16:00:00
9.5|66|11.2|0.0|Cloudy|89.5|2026-01-24 17:00:00
9.0|68|10.9|0.0|Mainly Clear|7.0|2026-01-24 18:00:00
8.0|74|8.2|0.0|Clear Sky|0.0|2026-01-24 19:00:00
7.0|78|8.7|0.0|Mainly Clear|0.0|2026-01-24 20:00:00
6.0|80|7.5|0.0|Mainly Clear|0.0|2026-01-24 21:00:00
5.6|81|6.4|0.0|Mainly Clear|0.0|2026-01-24 22:00:00
5.0|83|7.6|0.0|Cloudy|0.0|2026-01-24 23:00:00
4.7|85|8.7|0.0|Cloudy|0.0|2026-01-25 00:00:00
4.7|81|8.2|0.0|Cloudy|0.0|2026-01-25 01:00:00
5.0|80|8.4|0.0|Cloudy|0.0|2026-01-25 02:00:00
5.4|86|7.8|0.0|Partly Cloudy|0.0|2026-01-25 03:00:00
5.1|90|8.3|0.0|Partly Cloudy|0.0|2026-01-25 04:00:00
4.7|93|8.1|0.0|Partly Cloudy|0.0|2026-01-25 05:00:00
4.0|94|9.3|0.0|Cloudy|0.0|2026-01-25 06:00:00
3.9|92|10.3|0.0|Cloudy|0.0|2026-01-25 07:00:00
4.2|90|9.3|0.0|Cloudy|0.0|2026-01-25 08:00:00
4.5|90|8.6|0.0|Cloudy|2.8|2026-01-25 09:00:00
5.6|89|12.1|0.0|Cloudy|39.8|2026-01-25 10:00:00
6.2|85|11.5|0.0|Cloudy|106.2|2026-01-25 11:00:00
7.1|81|14.5|0.0|Cloudy|118.8|2026-01-25 12:00:00
7.8|77|14.4|0.0|Cloudy|150.2|2026-01-25 13:00:00
8.0|75|12.2|0.0|Cloudy|118.8|2026-01-25 14:00:00
7.9|77|12.1|0.7|Rain|60.0|2026-01-25 15:00:00
7.6|81|10.7|0.5|Rain|35.0|2026-01-25 16:00:00
7.4|82|9.8|0.1|Rain|20.2|2026-01-25 17:00:00
7.3|84|7.1|0.0|Cloudy|1.8|2026-01-25 18:00:00
6.8|89|5.6|0.0|Partly Cloudy|0.0|2026-01-25 19:00:00
6.4|92|3.6|0.0|Cloudy|0.0|2026-01-25 20:00:00
6.7|93|2.0|0.1|Rain|0.0|2026-01-25 21:00:00
6.8|92|0.0|0.0|Cloudy|0.0|2026-01-25 22:00:00
6.9|92|2.5|0.0|Cloudy|0.0|2026-01-25 23:00:00
6.2|93|6.3|0.0|Partly Cloudy|0.0|2026-01-26 00:00:00
6.0|94|4.7|0.0|Cloudy|0.0|2026-01-26 01:00:00
6.0|94|8.3|0.0|Cloudy|0.0|2026-01-26 02:00:00
6.6|92|7.0|0.0|Cloudy|0.0|2026-01-26 03:00:00
6.3|91|8.1|0.0|Cloudy|0.0|2026-01-26 04:00:00
6.2|90|7.8|0.0|Cloudy|0.0|2026-01-26 05:00:00
6.0|91|9.4|0.0|Cloudy|0.0|2026-01-26 06:00:00
5.9|90|7.7|0.0|Cloudy|0.0|2026-01-26 07:00:00
5.6|89|6.5|0.0|Partly Cloudy|0.0|2026-01-26 08:00:00
5.4|91|4.5|0.0|Partly Cloudy|6.0|2026-01-26 09:00:00
5.3|89|4.5|0.0|Partly Cloudy|72.2|2026-01-26 10:00:00
6.1|85|4.3|0.0|Cloudy|136.5|2026-01-26 11:00:00
6.9|84|5.6|0.0|Cloudy|160.5|2026-01-26 12:00:00
7.4|83|7.9|0.0|Cloudy|153.2|2026-01-26 13:00:00
7.8|81|8.9|0.0|Cloudy|154.8|2026-01-26 14:00:00
8.3|80|9.0|0.0|Cloudy|114.5|2026-01-26 15:00:00
8.7|77|9.5|0.0|Cloudy|104.2|2026-01-26 16:00:00
8.4|78|10.0|0.0|Cloudy|51.5|2026-01-26 17:00:00
7.7|79|12.1|0.0|Cloudy|4.5|2026-01-26 18:00:00
7.3|80|10.4|0.0|Cloudy|0.0|2026-01-26 19:00:00
6.6|81|11.2|0.0|Cloudy|0.0|2026-01-26 20:00:00
6.5|82|10.8|0.0|Cloudy|0.0|2026-01-26 21:00:00
6.4|81|8.6|0.0|Partly Cloudy|0.0|2026-01-26 22:00:00
5.9|85|11.0|0.0|Cloudy|0.0|2026-01-26 23:00:00
5.2|85|9.5|0.0|Cloudy|0.0|2026-01-27 00:00:00
4.8|85|13.0|0.0|Cloudy|0.0|2026-01-27 01:00:00
4.8|83|12.8|0.0|Cloudy|0.0|2026-01-27 02:00:00
5.3|83|15.5|0.2|Rain|0.0|2026-01-27 03:00:00
5.7|80|13.6|0.2|Rain|0.0|2026-01-27 04:00:00
5.8|79|13.6|0.6|Rain|0.0|2026-01-27 05:00:00
6.0|77|17.3|0.2|Rain|0.0|2026-01-27 06:00:00
5.9|79|16.8|0.7|Rain|0.0|2026-01-27 07:00:00
5.9|80|14.4|0.4|Rain|0.0|2026-01-27 08:00:00
5.8|85|14.6|1.1|Rain|1.2|2026-01-27 09:00:00
5.9|87|14.7|1.1|Rain|13.8|2026-01-27 10:00:00
6.3|88|14.2|1.1|Rain|28.0|2026-01-27 11:00:00
7.1|91|12.4|1.3|Rain|26.8|2026-01-27 12:00:00
8.0|90|13.1|2.1|Rain|36.5|2026-01-27 13:00:00
9.1|86|13.1|0.7|Rain|45.5|2026-01-27 14:00:00
10.1|85|12.6|0.0|Rain|47.0|2026-01-27 15:00:00
10.0|81|11.9|0.3|Rain|36.2|2026-01-27 16:00:00
10.0|82|10.5|0.0|Rain|26.0|2026-01-27 17:00:00
9.7|82|12.2|0.0|Cloudy|4.8|2026-01-27 18:00:00
9.4|79|12.1|0.0|Cloudy|0.0|2026-01-27 19:00:00
8.8|83|11.4|0.0|Cloudy|0.0|2026-01-27 20:00:00
8.6|84|12.0|0.0|Cloudy|0.0|2026-01-27 21:00:00
8.2|85|8.2|0.0|Cloudy|0.0|2026-01-27 22:00:00
7.7|82|4.8|0.0|Cloudy|0.0|2026-01-27 23:00:00
6.8|80|4.8|0.0|Cloudy|0.0|2026-01-28 00:00:00
6.5|82|3.8|0.0|Cloudy|0.0|2026-01-28 01:00:00
6.1|85|3.8|0.0|Cloudy|0.0|2026-01-28 02:00:00
6.0|89|2.9|0.0|Cloudy|0.0|2026-01-28 03:00:00
5.6|91|2.0|0.0|Cloudy|0.0|2026-01-28 04:00:00
5.4|91|2.1|0.0|Cloudy|0.0|2026-01-28 05:00:00
4.8|94|1.8|0.0|Cloudy|0.0|2026-01-28 06:00:00
4.7|93|1.4|0.0|Cloudy|0.0|2026-01-28 07:00:00
4.1|97|1.8|0.0|Fog|0.0|2026-01-28 08:00:00
2.8|100|2.1|0.0|Fog|4.0|2026-01-28 09:00:00
3.2|100|0.7|0.0|Fog|45.8|2026-01-28 10:00:00
4.3|98|0.5|0.0|Fog|113.5|2026-01-28 11:00:00
6.1|85|2.8|0.0|Cloudy|156.2|2026-01-28 12:00:00
6.9|80|5.1|0.0|Cloudy|211.5|2026-01-28 13:00:00
7.4|76|6.6|0.0|Cloudy|196.8|2026-01-28 14:00:00
7.8|77|5.4|0.0|Cloudy|157.8|2026-01-28 15:00:00
8.1|75|3.8|0.0|Cloudy|117.0|2026-01-28 16:00:00
8.0|77|2.9|0.0|Cloudy|59.0|2026-01-28 17:00:00
7.8|78|5.0|0.0|Cloudy|7.5|2026-01-28 18:00:00
7.1|82|3.3|0.0|Cloudy|0.0|2026-01-28 19:00:00
6.6|87|3.1|0.0|Cloudy|0.0|2026-01-28 20:00:00
5.9|89|3.8|0.0|Cloudy|0.0|2026-01-28 21:00:00
5.5|92|2.7|0.0|Cloudy|0.0|2026-01-28 22:00:00
5.1|93|2.3|0.0|Partly Cloudy|0.0|2026-01-28 23:00:00
4.1|95|2.1|0.0|Cloudy|0.0|2026-01-29 00:00:00
3.5|96|1.3|0.0|Clear Sky|0.0|2026-01-29 01:00:00
3.2|96|2.9|0.0|Fog|0.0|2026-01-29 02:00:00
1.8|100|1.3|0.0|Fog|0.0|2026-01-29 03:00:00
1.0|100|1.4|0.0|Fog|0.0|2026-01-29 04:00:00
1.3|100|2.1|0.0|Fog|0.0|2026-01-29 05:00:00
1.0|100|3.5|0.0|Fog|0.0|2026-01-29 06:00:00
0.2|100|5.0|0.0|Fog|0.0|2026-01-29 07:00:00
0.8|100|2.9|0.0|Fog|0.0|2026-01-29 08:00:00
1.1|100|5.0|0.0|Fog|3.2|2026-01-29 09:00:00
1.0|100|5.2|0.0|Fog|34.2|2026-01-29 10:00:00
1.1|100|5.2|0.0|Fog|75.2|2026-01-29 11:00:00
1.5|100|6.2|0.0|Fog|117.8|2026-01-29 12:00:00
2.6|93|7.6|0.0|Cloudy|123.8|2026-01-29 13:00:00
