time,temperature,rain,wind,radiation,latitude
2026-01-12T15:00,11.5,0,4.9,39.2,48.9
2026-01-12T16:00,11.5,0,4.94,10.8,48.9
2026-01-12T17:00,11.4,0.1,4.52,0.2,48.9
2026-01-12T18:00,11.7,0,4.53,0,48.9
2026-01-12T19:00,11.5,0,4.7,0,48.9
2026-01-12T20:00,11.3,0,4.39,0,48.9
2026-01-12T21:00,11.2,0,4.72,0,48.9
2026-01-12T22:00,11,0.2,4.03,0,48.9
2026-01-12T23:00,10.9,0,3.54,0,48.9
2026-01-13T00:00,10.9,0,4.22,0,48.9
2026-01-13T01:00,10.6,0,4.43,0,48.9
2026-01-13T02:00,10.5,0,4.52,0,48.9
2026-01-13T03:00,10.2,0,3.83,0,48.9
2026-01-13T04:00,9.9,0,3.48,0,48.9
2026-01-13T05:00,9.8,0,3.06,0,48.9
2026-01-13T06:00,9.8,0,2.71,0,48.9
2026-01-13T07:00,9.4,0,2.57,0,48.9
2026-01-13T08:00,8.9,0,2.83,1.2,48.9
2026-01-13T09:00,9.2,0,2.75,40,48.9
2026-01-13T10:00,9.5,0,2.91,134.2,48.9
2026-01-13T11:00,10.3,0,2.94,240.2,48.9
2026-01-13T12:00,12,0,3.21,280.8,48.9
2026-01-13T13:00,12.9,0,3.31,253.2,48.9
2026-01-13T14:00,13.5,0,3.34,158.5,48.9
2026-01-13T15:00,13.3,0,3.1,107.5,48.9
2026-01-13T16:00,12.8,0,2.6,36.5,48.9
2026-01-13T17:00,12.3,0,2.75,0.8,48.9
2026-01-13T18:00,12,0,3.4,0,48.9
2026-01-13T19:00,11.4,0,3.05,0,48.9
2026-01-13T20:00,11.1,0,2.55,0,48.9
2026-01-13T21:00,11.2,0,2.28,0,48.9
2026-01-13T22:00,10.9,0,2.38,0,48.9
2026-01-13T23:00,10.5,0,1.96,0,48.9
2026-01-14T00:00,10.6,0,1.92,0,48.9
2026-01-14T01:00,10.3,0,1.55,0,48.9
2026-01-14T02:00,10.1,0,1.65,0,48.9
2026-01-14T03:00,10,0,1.8,0,48.9
2026-01-14T04:00,9.7,0,1.9,0,48.9
2026-01-14T05:00,9.6,0.1,1.58,0,48.9
2026-01-14T06:00,9.6,0.4,1.9,0,48.9
2026-01-14T07:00,9.4,0,2.02,0,48.9
2026-01-14T08:00,9.4,0,1.14,0.2,48.9
2026-01-14T09:00,9.9,0.1,1.61,17.5,48.9
2026-01-14T10:00,10.3,0,2.09,75.5,48.9
2026-01-14T11:00,10.8,0,2.34,131.8,48.9
2026-01-14T12:00,11.9,0,1.78,191,48.9
2026-01-14T13:00,12.7,0,1.93,154.8,48.9
2026-01-14T14:00,13,0,2.28,153.5,48.9
2026-01-14T15:00,13.3,0,2.32,132.8,48.9
2026-01-14T16:00,13.2,0,2.4,38.5,48.9
2026-01-14T17:00,12.9,0,2.8,0.8,48.9
2026-01-14T18:00,12.5,0,2.3,0,48.9
2026-01-14T19:00,12.2,0,2.51,0,48.9
2026-01-14T20:00,11.9,0,3.36,0,48.9
2026-01-14T21:00,11.8,0,3.42,0,48.9
2026-01-14T22:00,11.5,0,2.97,0,48.9
2026-01-14T23:00,11.1,0,3.05,0,48.9
2026-01-15T00:00,11.1,0,3.55,0,48.9
2026-01-15T01:00,10.8,0,4.53,0,48.9
2026-01-15T02:00,10.8,0,4.4,0,48.9
2026-01-15T03:00,11,0,4.36,0,48.9
2026-01-15T04:00,10.7,0,4.26,0,48.9
2026-01-15T05:00,10,0,4.46,0,48.9
2026-01-15T06:00,9,0,3.52,0,48.9
2026-01-15T07:00,8.6,0,2.57,0,48.9
2026-01-15T08:00,8.8,0,3.01,1,48.9
2026-01-15T09:00,9.3,0,3.61,31,48.9
2026-01-15T10:00,9.7,0,4.21,52.5,48.9
2026-01-15T11:00,10.3,0,4.46,88,48.9
2026-01-15T12:00,11.1,0,3.62,145.2,48.9
2026-01-15T13:00,11.8,0,3.81,130.2,48.9
2026-01-15T14:00,12.8,0,4.42,153.2,48.9
2026-01-15T15:00,13.8,0,4.8,80.8,48.9
2026-01-15T16:00,13.6,0,4.3,25,48.9
2026-01-15T17:00,13.1,0,4.32,0.8,48.9
2026-01-15T18:00,13.1,0,4.9,0,48.9
2026-01-15T19:00,12.9,0,5.8,0,48.9
2026-01-15T20:00,12.4,0,4.77,0,48.9
2026-01-15T21:00,12.1,0.2,6.58,0,48.9
2026-01-15T22:00,11.6,0.1,5.71,0,48.9
2026-01-15T23:00,11.4,0,6,0,48.9
2026-01-16T00:00,11.1,0,4.92,0,48.9
2026-01-16T01:00,10.9,0,4.27,0,48.9
2026-01-16T02:00,10.6,0,3.55,0,48.9
2026-01-16T03:00,10.2,0,3.06,0,48.9
2026-01-16T04:00,9.8,0,2.62,0,48.9
2026-01-16T05:00,9.3,0,2.67,0,48.9
2026-01-16T06:00,8.5,0,2.75,0,48.9
2026-01-16T07:00,8.4,0,3.04,0,48.9
2026-01-16T08:00,8.2,0,3.51,2.2,48.9
2026-01-16T09:00,8.8,0,3.96,58.2,48.9
2026-01-16T10:00,9.8,0,3.71,169.5,48.9
2026-01-16T11:00,10.5,0,3.52,224.8,48.9
2026-01-16T12:00,11,0,3.62,191.5,48.9
2026-01-16T13:00,11.7,0,3.31,233.5,48.9
2026-01-16T14:00,12,0,3.27,205.5,48.9
2026-01-16T15:00,11.9,0,3.1,118.5,48.9
2026-01-16T16:00,11.4,0,2.38,35,48.9
2026-01-16T17:00,11.3,0,2.01,1.2,48.9
2026-01-16T18:00,10.7,0,2.12,0,48.9
2026-01-16T19:00,10.3,0.1,1.92,0,48.9
2026-01-16T20:00,10,0.4,2.06,0,48.9
2026-01-16T21:00,9.9,0.8,1.84,0,48.9
2026-01-16T22:00,9.7,0.5,1.91,0,48.9
2026-01-16T23:00,9.6,0.2,1.84,0,48.9
2026-01-17T00:00,9.5,0,2.12,0,48.9
2026-01-17T01:00,9.4,0,1.39,0,48.9
2026-01-17T02:00,9.1,0,1.66,0,48.9
2026-01-17T03:00,8.6,0,1.56,0,48.9
2026-01-17T04:00,8.4,0,0.92,0,48.9
2026-01-17T05:00,8.2,0,1.43,0,48.9
2026-01-17T06:00,8.2,0,1.92,0,48.9
2026-01-17T07:00,8.1,0,1.56,0,48.9
2026-01-17T08:00,8,0,1.78,1,48.9
2026-01-17T09:00,8.3,0,1.49,28.8,48.9
2026-01-17T10:00,9,0,1.46,77.5,48.9
2026-01-17T11:00,9.9,0,1.34,120.5,48.9
2026-01-17T12:00,9.7,0,2.27,137.8,48.9
2026-01-17T13:00,11.2,0,1.58,259.8,48.9
2026-01-17T14:00,11.9,0,2.21,192,48.9
2026-01-17T15:00,12,0,2.04,131,48.9
2026-01-17T16:00,11.9,0,2.22,50.8,48.9
2026-01-17T17:00,11.4,0,1.77,1.8,48.9
2026-01-17T18:00,10.1,0,1.63,0,48.9
2026-01-17T19:00,9.6,0,1.78,0,48.9
2026-01-17T20:00,9.4,0,1.75,0,48.9
2026-01-17T21:00,9.5,0,1.39,0,48.9
2026-01-17T22:00,9.8,0,1.26,0,48.9
2026-01-17T23:00,9.8,0,1.81,0,48.9
2026-01-18T00:00,9.9,0,1.5,0,48.9
2026-01-18T01:00,9.6,0.5,1.14,0,48.9
2026-01-18T02:00,9.3,0,1.61,0,48.9
2026-01-18T03:00,9.1,0,1.9,0,48.9
2026-01-18T04:00,8.7,0,1.66,0,48.9
2026-01-18T05:00,8.6,0,1.77,0,48.9
2026-01-18T06:00,8.7,0,0.92,0,48.9
2026-01-18T07:00,8.4,0.1,1.72,0,48.9
2026-01-18T08:00,8.2,0.8,0.71,0.8,48.9
2026-01-18T09:00,8.7,0,1.73,39,48.9
2026-01-18T10:00,8.8,0,1.63,99.5,48.9
2026-01-18T11:00,9.2,0,2.7,190.2,48.9
2026-01-18T12:00,9.7,0,2.21,211.2,48.9
2026-01-18T13:00,9.8,0,2.09,234,48.9
2026-01-18T14:00,10.1,0,1.98,207.8,48.9
2026-01-18T15:00,10.3,0,1.75,100.8,48.9
2026-01-18T16:00,10.3,0,1.81,36.5,48.9
2026-01-18T17:00,9.9,0,1.94,2.2,48.9
2026-01-18T18:00,9,0,2.25,0,48.9
2026-01-18T19:00,8,0,2.42,0,48.9
2026-01-18T20:00,7.5,0,2.01,0,48.9
2026-01-18T21:00,6.5,0,1.49,0,48.9
2026-01-18T22:00,6.2,0,2.13,0,48.9
2026-01-18T23:00,5.7,0,2.02,0,48.9
2026-01-19T00:00,4.9,0,1.58,0,48.9
2026-01-19T01:00,5,0,1.89,0,48.9
2026-01-19T02:00,5.1,0,1.66,0,48.9
2026-01-19T03:00,4,0,1.91,0,48.9
2026-01-19T04:00,3.8,0,1.77,0,48.9
2026-01-19T05:00,3.7,0,1.64,0,48.9
2026-01-19T06:00,3.2,0,1.92,0,48.9
2026-01-19T07:00,3.2,0,2.26,0,48.9
2026-01-19T08:00,3.2,0,2.19,2.2,48.9
2026-01-19T09:00,3.6,0,2.41,41,48.9
2026-01-19T10:00,4.4,0,1.98,113.8,48.9
2026-01-19T11:00,5.8,0,2.2,154.5,48.9
2026-01-19T12:00,7.5,0,2.06,240.2,48.9
2026-01-19T13:00,8.8,0,1.91,219.8,48.9
2026-01-19T14:00,9.8,0,1.77,185.5,48.9
2026-01-19T15:00,10.8,0,1.72,116.5,48.9
2026-01-19T16:00,10.7,0,2,53.5,48.9
2026-01-19T17:00,10.3,0,2.36,3,48.9
2026-01-19T18:00,9.3,0,2.25,0,48.9
2026-01-19T19:00,8.7,0,2.26,0,48.9
2026-01-19T20:00,8.2,0,2.77,0,48.9
2026-01-19T21:00,8.7,0,2.55,0,48.9
2026-01-19T22:00,8.3,0,2.36,0,48.9
2026-01-19T23:00,8.6,0,1.62,0,48.9
2026-01-20T00:00,8.6,0,1.61,0,48.9
2026-01-20T01:00,8.4,0,2.34,0,48.9
2026-01-20T02:00,8.1,0,2.48,0,48.9
2026-01-20T03:00,7.8,0,2.69,0,48.9
2026-01-20T04:00,7.4,0,2.42,0,48.9
2026-01-20T05:00,7.1,0,1.97,0,48.9
2026-01-20T06:00,6.8,0,2.13,0,48.9
2026-01-20T07:00,6.6,0,2.25,0,48.9
2026-01-20T08:00,6.8,0,2.3,1.2,48.9
2026-01-20T09:00,6.8,0,2.27,41.8,48.9
2026-01-20T10:00,7,0,2.56,132.8,48.9
2026-01-20T11:00,7.6,0,2.61,175,48.9
2026-01-20T12:00,7.4,0,2.8,204.2,48.9
2026-01-20T13:00,8.1,0,3,161.5,48.9
2026-01-20T14:00,9.1,0,2.83,117.2,48.9
2026-01-20T15:00,9.4,0,3.61,132.5,48.9
2026-01-20T16:00,9.3,0,3.61,49.2,48.9
2026-01-20T17:00,9,0,3.18,3.2,48.9
2026-01-20T18:00,8.3,0,3.75,0,48.9
2026-01-20T19:00,8,0.1,4.03,0,48.9
2026-01-20T20:00,7.7,0.4,4.24,0,48.9
2026-01-20T21:00,8.2,0,3.61,0,48.9
2026-01-20T22:00,8.4,0,3.5,0,48.9
2026-01-20T23:00,8.7,0,3.67,0,48.9
2026-01-21T00:00,9.7,0,3.69,0,48.9
2026-01-21T01:00,9.6,0.1,3.98,0,48.9
2026-01-21T02:00,9.5,0,4.16,0,48.9
2026-01-21T03:00,9.7,0,3.83,0,48.9
2026-01-21T04:00,9.4,0.1,3.93,0,48.9
2026-01-21T05:00,9,0.1,4.18,0,48.9
2026-01-21T06:00,8.9,0,4.18,0,48.9
2026-01-21T07:00,8.5,0,4.18,0,48.9
2026-01-21T08:00,8.5,0,4.2,2.8,48.9
2026-01-21T09:00,8.8,0,4.07,38.5,48.9
2026-01-21T10:00,8.8,0,4.52,81,48.9
2026-01-21T11:00,9.5,0,4.34,136.2,48.9
2026-01-21T12:00,11.7,0,4.22,289.2,48.9
2026-01-21T13:00,12.6,0,4.3,276.5,48.9
2026-01-21T14:00,13.6,0,4.55,218.5,48.9
2026-01-21T15:00,13.9,0,4.55,134.8,48.9
2026-01-21T16:00,13.5,0,4.76,37,48.9
2026-01-21T17:00,13.1,0,4.32,2.5,48.9
2026-01-21T18:00,12.7,0.1,3.88,0,48.9
2026-01-21T19:00,11.8,0.1,3.91,0,48.9
2026-01-21T20:00,11.1,0.4,3.16,0,48.9
2026-01-21T21:00,10.5,0.3,3.32,0,48.9
2026-01-21T22:00,9.8,0.4,3.84,0,48.9
2026-01-21T23:00,9.8,0.2,3.19,0,48.9
2026-01-22T00:00,9.9,0,3.14,0,48.9
2026-01-22T01:00,9.2,0.8,3.11,0,48.9
2026-01-22T02:00,8.5,0.1,3.54,0,48.9
2026-01-22T03:00,8.1,0,3.47,0,48.9
2026-01-22T04:00,8,0,3.06,0,48.9
2026-01-22T05:00,8.3,0,2.78,0,48.9
2026-01-22T06:00,8.6,0,3.09,0,48.9
2026-01-22T07:00,8.7,0,3.23,0,48.9
2026-01-22T08:00,8.7,0,3.42,2.5,48.9
2026-01-22T09:00,9.2,0,3.74,57.5,48.9
2026-01-22T10:00,9.6,0,3.89,109.2,48.9
2026-01-22T11:00,10.5,0,4.5,128.8,48.9
2026-01-22T12:00,10.9,0,4.46,103.5,48.9
2026-01-22T13:00,11.6,0,5.03,140.2,48.9
2026-01-22T14:00,12,0,4.39,177,48.9
2026-01-22T15:00,11.6,0,3.74,139.8,48.9
2026-01-22T16:00,11.3,0,3.81,54.5,48.9
2026-01-22T17:00,10.8,0,3.04,3.8,48.9
2026-01-22T18:00,9.8,0,2.31,0,48.9
2026-01-22T19:00,9.5,0,2.83,0,48.9
2026-01-22T20:00,9.3,0,2.53,0,48.9
2026-01-22T21:00,8.6,0,2.62,0,48.9
2026-01-22T22:00,8,0,2.32,0,48.9
2026-01-22T23:00,7.4,0,2.45,0,48.9
2026-01-23T00:00,7,0,2.35,0,48.9
2026-01-23T01:00,6.5,0,2.56,0,48.9
2026-01-23T02:00,6.3,0,2.73,0,48.9
2026-01-23T03:00,6.4,0,3.69,0,48.9
2026-01-23T04:00,6.3,0,2.98,0,48.9
2026-01-23T05:00,6.2,0.3,3.4,0,48.9
2026-01-23T06:00,6.5,0.1,3.4,0,48.9
2026-01-23T07:00,6.6,1.2,3.77,0,48.9
2026-01-23T08:00,6.8,1.6,4.7,2,48.9
2026-01-23T09:00,7.3,0.3,4.08,21.2,48.9
2026-01-23T10:00,7.6,0.5,3.64,49.2,48.9
2026-01-23T11:00,8.3,0,5.04,119.5,48.9
2026-01-23T12:00,9.2,0,4.31,131.5,48.9
2026-01-23T13:00,9.6,0,3.7,160,48.9
2026-01-23T14:00,10.2,0,4.77,201.5,48.9
2026-01-23T15:00,10.2,0,3.7,127.5,48.9
2026-01-23T16:00,10,0,3.1,44.2,48.9
2026-01-23T17:00,9.4,0,3.83,4.2,48.9
2026-01-23T18:00,8.6,0,3.21,0,48.9
2026-01-23T19:00,7.9,0,3.37,0,48.9
2026-01-23T20:00,7.4,0,4.1,0,48.9
2026-01-23T21:00,6.7,0,3.81,0,48.9
2026-01-23T22:00,6.2,0,3.4,0,48.9
2026-01-23T23:00,5.7,0,3.2,0,48.9
2026-01-24T00:00,5.4,0,3.32,0,48.9
2026-01-24T01:00,5.1,0,3.45,0,48.9
2026-01-24T02:00,4.7,0,3.08,0,48.9
2026-01-24T03:00,4.5,0,2.69,0,48.9
2026-01-24T04:00,4.7,0,2.68,0,48.9
2026-01-24T05:00,4.6,0,2.65,0,48.9
2026-01-24T06:00,4.5,0,2.44,0,48.9
2026-01-24T07:00,4.1,0,2.42,0,48.9
2026-01-24T08:00,3.8,0,1.94,4.8,48.9
2026-01-24T09:00,4.4,0,2.44,53.2,48.9
2026-01-24T10:00,5.3,0,2.4,172.2,48.9
2026-01-24T11:00,6.5,0,2.91,270.5,48.9
2026-01-24T12:00,8.2,0,2.22,335.5,48.9
2026-01-24T13:00,9.2,0,2.69,339.5,48.9
2026-01-24T14:00,9.8,0,2.83,292.2,48.9
2026-01-24T15:00,10.4,0,2.94,208.5,48.9
2026-01-24T16:00,10,0,2.77,91.2,48.9
2026-01-24T17:00,9.3,0,2.9,6.8,48.9
2026-01-24T18:00,8.3,0,2.13,0,48.9
2026-01-24T19:00,7.3,0,2.62,0,48.9
2026-01-24T20:00,6.6,0,2.01,0,48.9
2026-01-24T21:00,5.6,0,1.84,0,48.9
2026-01-24T22:00,5,0,2.06,0,48.9
2026-01-24T23:00,5.1,0,2.52,0,48.9
2026-01-25T00:00,5.5,0,2.7,0,48.9
2026-01-25T01:00,5.8,0,2.42,0,48.9
2026-01-25T02:00,5.8,0,2.22,0,48.9
2026-01-25T03:00,4.9,0,2.56,0,48.9
2026-01-25T04:00,4.6,0,2.41,0,48.9
2026-01-25T05:00,4.5,0,2.37,0,48.9
2026-01-25T06:00,5.1,0,3.09,0,48.9
2026-01-25T07:00,5.3,0,2.88,0,48.9
2026-01-25T08:00,5.5,0,3.93,3,48.9
2026-01-25T09:00,6,0,3.55,37,48.9
2026-01-25T10:00,6.5,0,3.45,117.8,48.9
2026-01-25T11:00,7.3,0,3.41,145.5,48.9
2026-01-25T12:00,8.3,0,3.9,146.5,48.9
2026-01-25T13:00,8.5,0,3.68,106.5,48.9
2026-01-25T14:00,8.1,0.6,3.49,55.8,48.9
2026-01-25T15:00,7.5,0.5,2.69,34.5,48.9
2026-01-25T16:00,7.3,0,2.51,14.8,48.9
2026-01-25T17:00,7.4,0,1.53,1.2,48.9
2026-01-25T18:00,7.1,0,1.56,0,48.9
2026-01-25T19:00,6.8,0,0.94,0,48.9
2026-01-25T20:00,6.8,0,0.63,0,48.9
2026-01-25T21:00,6.8,0,1.17,0,48.9
2026-01-25T22:00,6.6,0,1.63,0,48.9
2026-01-25T23:00,6.2,0,1.92,0,48.9
2026-01-26T00:00,6.5,0,1.51,0,48.9
2026-01-26T01:00,6.6,0,2.1,0,48.9
2026-01-26T02:00,6.2,0,2.33,0,48.9
2026-01-26T03:00,6.5,0,2.2,0,48.9
2026-01-26T04:00,6.5,0,2.09,0,48.9
2026-01-26T05:00,6.1,0,2.62,0,48.9
2026-01-26T06:00,6.4,0,2.6,0,48.9
2026-01-26T07:00,6.1,0,1.65,0,48.9
2026-01-26T08:00,5.5,0,1.53,5.5,48.9
2026-01-26T09:00,5.3,0,1.72,73.8,48.9
2026-01-26T10:00,6.3,0,1.03,133.5,48.9
2026-01-26T11:00,6.9,0,1.49,152.2,48.9
2026-01-26T12:00,7.9,0,2.16,155,48.9
2026-01-26T13:00,8.2,0,2.21,139,48.9
2026-01-26T14:00,8.4,0,2.51,103,48.9
2026-01-26T15:00,8.9,0,2.77,103.8,48.9
2026-01-26T16:00,8.6,0,3.16,38.2,48.9
2026-01-26T17:00,7.7,0,3.61,4.5,48.9
2026-01-26T18:00,7.3,0,3.37,0,48.9
2026-01-26T19:00,6.9,0,3.2,0,48.9
2026-01-26T20:00,6.4,0,3.4,0,48.9
2026-01-26T21:00,6.4,0,2.2,0,48.9
2026-01-26T22:00,6,0,2.69,0,48.9
2026-01-26T23:00,5.5,0,2.69,0,48.9
2026-01-27T00:00,5.5,0,3.26,0,48.9
2026-01-27T01:00,5.5,0,3.8,0,48.9
2026-01-27T02:00,5.6,0.1,3.96,0,48.9
2026-01-27T03:00,6,0.1,3.48,0,48.9
2026-01-27T04:00,6.2,0.1,3.58,0,48.9
2026-01-27T05:00,6.2,0.2,4.6,0,48.9
2026-01-27T06:00,6.1,0.3,4.47,0,48.9
2026-01-27T07:00,6,1.5,3.69,0,48.9
2026-01-27T08:00,6,1.3,4.02,1,48.9
2026-01-27T09:00,5.8,0.5,3.97,16.2,48.9
2026-01-27T10:00,6.2,0.6,3.24,27,48.9
2026-01-27T11:00,7.2,1.2,3.52,32.2,48.9
2026-01-27T12:00,8.9,1.6,3.47,36.5,48.9
2026-01-27T13:00,9.7,0.5,3.77,58,48.9
2026-01-27T14:00,10.1,0,3.89,60.8,48.9
2026-01-27T15:00,9.9,0.3,3.37,38.8,48.9
2026-01-27T16:00,10.1,0,3.36,28.8,48.9
2026-01-27T17:00,9.7,0,3.89,5.8,48.9
2026-01-27T18:00,9.4,0,3.41,0,48.9
2026-01-27T19:00,9,0,3.83,0,48.9
2026-01-27T20:00,8.5,0,3.19,0,48.9
2026-01-27T21:00,7.8,0,1.53,0,48.9
2026-01-27T22:00,7.4,0,1.58,0,48.9
2026-01-27T23:00,6.9,0,1.48,0,48.9
2026-01-28T00:00,6.2,0,1.02,0,48.9
2026-01-28T01:00,6.2,0,0.92,0,48.9
2026-01-28T02:00,5.9,0,1.02,0,48.9
2026-01-28T03:00,5.3,0,0.1,0,48.9
2026-01-28T04:00,5.3,0,0.76,0,48.9
2026-01-28T05:00,4.9,0,0.58,0,48.9
2026-01-28T06:00,4.7,0,0.58,0,48.9
2026-01-28T07:00,4.3,0,0.76,0,48.9
2026-01-28T08:00,4,0,0.45,6,48.9
2026-01-28T09:00,4.7,0,0.22,52.8,48.9
2026-01-28T10:00,5.2,0,0.86,121.8,48.9
2026-01-28T11:00,5.8,0,0.78,162,48.9
2026-01-28T12:00,6.8,0,1.25,198.8,48.9
2026-01-28T13:00,7.1,0,1.48,185.5,48.9
2026-01-28T14:00,7.7,0,1.22,172.5,48.9
2026-01-28T15:00,8.3,0,1.08,116.2,48.9
2026-01-28T16:00,8.3,0,0.98,57.5,48.9
2026-01-28T17:00,7.7,0,1.53,7.2,48.9
2026-01-28T18:00,7,0,0.99,0,48.9
2026-01-28T19:00,6.6,0,0.95,0,48.9
2026-01-28T20:00,6,0,1.12,0,48.9
2026-01-28T21:00,5.2,0,0.73,0,48.9
2026-01-28T22:00,4.8,0,0.91,0,48.9
2026-01-28T23:00,4.3,0,0.73,0,48.9
2026-01-29T00:00,3.3,0,0.3,0,48.9
2026-01-29T01:00,2.4,0,0.92,0,48.9
2026-01-29T02:00,1.7,0,0.61,0,48.9
2026-01-29T03:00,1.5,0,0.14,0,48.9
2026-01-29T04:00,0.9,0,0.41,0,48.9
2026-01-29T05:00,0.7,0,0.67,0,48.9
2026-01-29T06:00,1.1,0,1.03,0,48.9
2026-01-29T07:00,0.8,0,1.03,0,48.9
2026-01-29T08:00,1.5,0,1.17,3.5,48.9
2026-01-29T09:00,0.9,0,1.6,32.5,48.9
2026-01-29T10:00,0.9,0,1.57,81.2,48.9
2026-01-29T11:00,1.4,0,1.66,103.5,48.9
2026-01-29T12:00,2.3,0,2.01,147,48.9
2026-01-29T13:00,3.5,0,2.02,132.8,48.9
2026-01-29T14:00,4.7,0,1.79,131,48.9
2026-01-29T15:00,4.2,0,2.53,84.2,48.9
2026-01-29T16:00,4.4,0,2.67,23,48.9
2026-01-29T17:00,5,0,1.64,3,48.9
2026-01-29T18:00,4.8,0,2,0,48.9
2026-01-29T19:00,4.8,0,2.24,0,48.9
2026-01-29T20:00,4.7,0,2.28,0,48.9
2026-01-29T21:00,5,0,2.44,0,48.9
2026-01-29T22:00,5,0,2.44,0,48.9
2026-01-29T23:00,4.9,0,2.5,0,48.9
2026-01-30T00:00,4.9,0,2.16,0,48.9
2026-01-30T01:00,5,0,2.02,0,48.9
2026-01-30T02:00,5.1,0,2.14,0,48.9
2026-01-30T03:00,4.9,0,1.97,0,48.9
2026-01-30T04:00,5.1,0.3,2.06,0,48.9
2026-01-30T05:00,5.2,0.5,1.65,0,48.9
2026-01-30T06:00,5.2,1.5,1.43,0,48.9
2026-01-30T07:00,5.5,0.5,1.9,0,48.9
2026-01-30T08:00,6.2,0,1.93,4.2,48.9
2026-01-30T09:00,7,0,2,42.2,48.9
2026-01-30T10:00,8,0,2.6,120.8,48.9
2026-01-30T11:00,9.7,0,3.14,216,48.9
2026-01-30T12:00,10.5,0,3.82,284.8,48.9
2026-01-30T13:00,11.2,0,4.14,246.2,48.9
2026-01-30T14:00,11.8,0,4.02,199.8,48.9
2026-01-30T15:00,11.4,0,4.1,116,48.9
2026-01-30T16:00,11.3,0,4.1,57.5,48.9
2026-01-30T17:00,10.8,0,3.86,5,48.9
2026-01-30T18:00,10.3,0.3,4.81,0,48.9
2026-01-30T19:00,10,1.8,4.5,0,48.9
2026-01-30T20:00,9.8,0,4.42,0,48.9
2026-01-30T21:00,9.6,0,4.32,0,48.9
2026-01-30T22:00,9.4,0.3,3.26,0,48.9
2026-01-30T23:00,9.2,0,3.26,0,48.9
2026-01-31T00:00,8.6,0,2.62,0,48.9
2026-01-31T01:00,8.1,0,2.77,0,48.9
2026-01-31T02:00,7.6,0,1.58,0,48.9
2026-01-31T03:00,6.8,0,1.32,0,48.9
2026-01-31T04:00,6.4,0,2.02,0,48.9
2026-01-31T05:00,5.9,0,2.2,0,48.9
2026-01-31T06:00,5.6,0,2.64,0,48.9
2026-01-31T07:00,5.3,0,2.2,0,48.9
2026-01-31T08:00,5.2,0,1.71,4.8,48.9
2026-01-31T09:00,6,0,2.11,45,48.9
2026-01-31T10:00,6.4,0,2.42,83,48.9
2026-01-31T11:00,7.2,0,2.2,114.8,48.9
2026-01-31T12:00,7.7,0,2.52,109.8,48.9
2026-01-31T13:00,8.5,0,2.62,188.2,48.9
2026-01-31T14:00,9.4,0,2.61,187,48.9
2026-01-31T15:00,8.3,0,1.43,94.8,48.9
2026-01-31T16:00,8.6,0,1.26,27,48.9
2026-01-31T17:00,8.5,0,1.75,6.5,48.9
2026-01-31T18:00,8.3,0,1.12,0,48.9
2026-01-31T19:00,8.1,0,1.51,0,48.9
2026-01-31T20:00,7.7,0,1.4,0,48.9
2026-01-31T21:00,7.6,0,1.53,0,48.9
2026-01-31T22:00,7.5,0,1.14,0,48.9
2026-01-31T23:00,7.4,0,1.4,0,48.9
2026-02-01T00:00,7,0,1.79,0,48.9
2026-02-01T01:00,6.5,0,1.8,0,48.9
2026-02-01T02:00,6.5,0,1.5,0,48.9
2026-02-01T03:00,6.4,0,2.25,0,48.9
2026-02-01T04:00,6.1,0,2.09,0,48.9
2026-02-01T05:00,6.3,0,2.33,0,48.9
2026-02-01T06:00,6.7,0,2.82,0,48.9
2026-02-01T07:00,6.8,0,3.01,0,48.9
2026-02-01T08:00,7.1,0,2.82,2.8,48.9
2026-02-01T09:00,7.3,0.2,2.4,18.2,48.9
2026-02-01T10:00,7.7,0.9,1.94,34,48.9
2026-02-01T11:00,8.1,1.2,2.61,72,48.9
2026-02-01T12:00,8.9,0.4,2.11,82.5,48.9
2026-02-01T13:00,9.3,0,2.35,69.8,48.9
2026-02-01T14:00,9.6,0,2.52,74.8,48.9
2026-02-01T15:00,10,0.1,2.88,35.2,48.9
2026-02-01T16:00,9.7,0,2.83,41,48.9
2026-02-01T17:00,9.5,0,2.83,9.8,48.9
2026-02-01T18:00,9.2,0.5,2.94,0,48.9
2026-02-01T19:00,8.9,0,2.62,0,48.9
2026-02-01T20:00,8.9,0,2.22,0,48.9
2026-02-01T21:00,8.6,0,2.55,0,48.9
2026-02-01T22:00,8.7,0.3,3.07,0,48.9
2026-02-01T23:00,9,0.2,2.6,0,48.9
2026-02-02T00:00,9,0,2.12,0,48.9
2026-02-02T01:00,8.3,0.3,2.6,0,48.9
2026-02-02T02:00,8,0,2.63,0,48.9
2026-02-02T03:00,6.3,0,1.5,0,48.9
2026-02-02T04:00,5.5,0,0.71,0,48.9
2026-02-02T05:00,4.9,0,0.73,0,48.9
2026-02-02T06:00,3.9,0,0.8,0,48.9
2026-02-02T07:00,3.6,0,0.5,0,48.9
2026-02-02T08:00,3,0,1.03,12.5,48.9
2026-02-02T09:00,4.8,0,1.14,95,48.9
2026-02-02T10:00,5.6,0,1.77,173.5,48.9
2026-02-02T11:00,7,0,1.42,302,48.9
2026-02-02T12:00,8.9,0,2.42,362,48.9
2026-02-02T13:00,9.6,0,3.14,279.2,48.9
2026-02-02T14:00,9.8,0,3.49,184.8,48.9
2026-02-02T15:00,10.3,0,3.28,109,48.9
2026-02-02T16:00,10.1,0,3.52,91,48.9
2026-02-02T17:00,9.7,0,2.86,14.2,48.9
2026-02-02T18:00,9.2,0,3.2,0,48.9
2026-02-02T19:00,8.7,0,3.01,0,48.9
2026-02-02T20:00,8.5,0,2.96,0,48.9
2026-02-02T21:00,8.7,0.7,1.77,0,48.9
2026-02-02T22:00,8.4,0.7,2.31,0,48.9
2026-02-02T23:00,8.2,0,2.4,0,48.9
2026-02-03T00:00,8.2,0.4,2.51,0,48.9
2026-02-03T01:00,8.1,0.2,2.55,0,48.9
2026-02-03T02:00,8.2,0,2.09,0,48.9
2026-02-03T03:00,8.4,0,1.82,0,48.9
2026-02-03T04:00,8.4,0,1.75,0,48.9
2026-02-03T05:00,8.5,0.2,1.53,0,48.9
2026-02-03T06:00,8.3,0.8,1.49,0,48.9
2026-02-03T07:00,8.5,1,0.98,0,48.9
2026-02-03T08:00,8.7,1.1,1.5,1,48.9
2026-02-03T09:00,8.8,0.6,2.91,17.2,48.9
2026-02-03T10:00,9.2,2.5,4.2,37.5,48.9
2026-02-03T11:00,9.8,1.4,3.97,70.5,48.9
2026-02-03T12:00,10.1,0.8,4.12,84.2,48.9
2026-02-03T13:00,10.7,0,5.14,153.8,48.9
2026-02-03T14:00,11.1,0,4.96,153.5,48.9
2026-02-03T15:00,10.7,0,4.59,125.5,48.9
2026-02-03T16:00,10.7,0,4.02,61.5,48.9
2026-02-03T17:00,10.3,0,3.61,10.8,48.9
2026-02-03T18:00,9.9,0,2.85,0,48.9
2026-02-03T19:00,9.4,0,3.01,0,48.9
2026-02-03T20:00,8.5,0,3.35,0,48.9
2026-02-03T21:00,8.2,0,2.91,0,48.9
2026-02-03T22:00,7.8,0,3,0,48.9
2026-02-03T23:00,7.2,0,2.71,0,48.9
2026-02-04T00:00,6.6,0,2.31,0,48.9
2026-02-04T01:00,6.3,0,2.1,0,48.9
2026-02-04T02:00,5.9,0,1.86,0,48.9
2026-02-04T03:00,5,0,1.58,0,48.9
2026-02-04T04:00,4.9,0,2,0,48.9
2026-02-04T05:00,4.7,0,1.58,0,48.9
2026-02-04T06:00,4.8,0,1.71,0,48.9
2026-02-04T07:00,4.5,0,1.53,0,48.9
2026-02-04T08:00,4.3,0,1.8,15.2,48.9
2026-02-04T09:00,5.5,0,2.12,114.8,48.9
2026-02-04T10:00,6.9,0,2.87,241,48.9
2026-02-04T11:00,8.6,0,3.36,331.5,48.9
2026-02-04T12:00,10.9,0,3.86,381.2,48.9
2026-02-04T13:00,12.1,0,4.46,354.2,48.9
2026-02-04T14:00,12.7,0,4.49,277.5,48.9
2026-02-04T15:00,12.9,0,4.42,146,48.9
2026-02-04T16:00,12.4,0,4.02,96,48.9
2026-02-04T17:00,11.4,0,4,23,48.9
2026-02-04T18:00,10.7,0,3.54,0,48.9
2026-02-04T19:00,10.2,0,3.68,0,48.9
2026-02-04T20:00,9.7,0,3.68,0,48.9
2026-02-04T21:00,9.8,0,3.28,0,48.9
2026-02-04T22:00,9.1,0.1,3.68,0,48.9
2026-02-04T23:00,8.7,0.4,2.98,0,48.9
2026-02-05T00:00,9,0,2.98,0,48.9
2026-02-05T01:00,8.8,0,3.44,0,48.9
2026-02-05T02:00,8.7,0,3.44,0,48.9
2026-02-05T03:00,8.7,0.1,3.62,0,48.9
2026-02-05T04:00,8.5,1.1,3.24,0,48.9
2026-02-05T05:00,8.4,0.4,2.91,0,48.9
2026-02-05T06:00,8.5,0.1,3,0,48.9
2026-02-05T07:00,8.7,0.3,3.44,0,48.9
2026-02-05T08:00,8.9,0,3.31,4.5,48.9
2026-02-05T09:00,9.1,0,4.24,36.5,48.9
2026-02-05T10:00,9.4,0,3.73,59,48.9
